configuracion,tablero_indice,repeticion,estado_inicial,estado_final,h_inicial,h_final,evaluaciones,resuelto,truncada,longitud_solucion,longitud_optima,estado_partida,cantidad_intentos,resuelto_sin_reinicio
steepest,0,0,0-1-6-3-4-7-8-2-5,3-1-6-4-2-7-0-8-5,14,10,15,False,False,,22,,,
steepest,1,0,0-6-7-8-4-3-1-2-5,0-6-7-8-4-3-1-2-5,16,16,3,False,False,,28,,,
steepest,2,0,1-0-3-2-7-4-8-5-6,1-0-3-2-7-4-8-5-6,9,9,4,False,False,,21,,,
steepest,3,0,1-6-8-3-5-0-4-7-2,1-0-6-3-5-8-4-7-2,13,11,9,False,False,,17,,,
steepest,4,0,1-7-4-8-2-3-0-6-5,1-7-4-0-2-3-8-6-5,14,13,6,False,False,,20,,,
steepest,5,0,2-3-1-7-4-5-8-6-0,2-3-1-4-5-6-7-8-0,10,4,20,False,False,,16,,,
steepest,6,0,2-7-1-6-4-8-0-3-5,2-7-1-6-4-8-0-3-5,16,16,3,False,False,,26,,,
steepest,7,0,2-8-4-6-1-3-0-5-7,2-8-4-6-1-3-0-5-7,14,14,3,False,False,,22,,,
steepest,8,0,2-8-7-6-3-1-5-0-4,2-8-7-6-3-1-0-5-4,19,18,6,False,False,,25,,,
steepest,9,0,3-2-1-7-5-4-8-6-0,3-2-1-0-5-4-7-8-6,10,7,11,False,False,,22,,,
steepest,10,0,3-5-4-6-2-7-8-0-1,3-5-4-6-2-7-0-8-1,17,16,6,False,False,,27,,,
steepest,11,0,3-6-2-5-0-4-1-7-8,0-3-2-5-6-4-1-7-8,12,10,10,False,False,,16,,,
steepest,12,0,4-1-5-2-6-3-0-7-8,4-1-5-2-6-3-7-8-0,10,8,8,False,False,,18,,,
steepest,13,0,4-1-8-3-5-7-2-6-0,4-1-0-3-5-8-2-6-7,16,14,8,False,False,,24,,,
steepest,14,0,4-3-2-1-0-6-7-5-8,4-3-2-1-5-6-7-8-0,6,4,10,False,False,,18,,,
steepest,15,0,4-3-7-6-2-5-0-1-8,4-3-7-6-2-5-1-8-0,14,12,8,False,False,,26,,,
steepest,16,0,4-5-0-1-2-7-8-3-6,4-5-0-1-2-7-8-3-6,12,12,3,False,False,,22,,,
steepest,17,0,5-1-2-6-4-7-3-0-8,5-1-2-6-4-7-0-3-8,15,14,6,False,False,,23,,,
steepest,18,0,5-1-7-8-6-3-2-4-0,5-1-7-8-6-3-2-4-0,16,16,3,False,False,,24,,,
steepest,19,0,6-0-1-8-4-7-3-2-5,0-6-1-8-4-7-3-2-5,19,18,6,False,False,,27,,,
steepest,20,0,6-3-7-5-1-4-8-2-0,6-3-7-5-1-4-8-2-0,16,16,3,False,False,,24,,,
steepest,21,0,6-8-2-3-1-5-4-0-7,6-8-2-3-1-5-4-7-0,15,14,6,False,False,,21,,,
steepest,22,0,7-0-8-6-3-2-1-4-5,7-3-8-6-4-2-1-5-0,17,14,13,False,False,,23,,,
steepest,23,0,7-1-8-2-0-3-5-4-6,7-1-8-2-4-3-0-5-6,14,12,10,False,False,,22,,,
steepest,24,0,7-3-2-1-0-6-8-5-4,7-3-2-1-5-6-0-8-4,10,8,10,False,False,,22,,,
steepest,25,0,7-8-3-4-1-2-0-5-6,7-8-3-4-1-2-0-5-6,10,10,3,False,False,,22,,,
steepest,26,0,8-1-2-3-6-0-7-5-4,8-1-2-3-6-4-7-5-0,13,12,6,False,False,,23,,,
steepest,27,0,8-1-7-3-0-2-6-5-4,8-1-7-3-5-2-0-6-4,20,18,10,False,False,,22,,,
steepest,28,0,8-4-1-3-5-7-0-2-6,8-4-1-3-5-7-0-2-6,16,16,3,False,False,,26,,,
steepest,29,0,8-6-4-5-0-3-7-1-2,0-8-4-5-6-3-7-1-2,16,14,10,False,False,,26,,,
estocastico,0,0,0-1-6-3-4-7-8-2-5,1-0-6-3-4-7-8-2-5,14,13,6,False,False,,22,,,
estocastico,1,0,0-6-7-8-4-3-1-2-5,0-6-7-8-4-3-1-2-5,16,16,3,False,False,,28,,,
estocastico,2,0,1-0-3-2-7-4-8-5-6,1-0-3-2-7-4-8-5-6,9,9,4,False,False,,21,,,
estocastico,3,0,1-6-8-3-5-0-4-7-2,1-0-6-3-5-8-4-7-2,13,11,9,False,False,,17,,,
estocastico,4,0,1-7-4-8-2-3-0-6-5,1-7-4-0-2-3-8-6-5,14,13,6,False,False,,20,,,
estocastico,5,0,2-3-1-7-4-5-8-6-0,2-3-1-4-5-6-7-8-0,10,4,20,False,False,,16,,,
estocastico,6,0,2-7-1-6-4-8-0-3-5,2-7-1-6-4-8-0-3-5,16,16,3,False,False,,26,,,
estocastico,7,0,2-8-4-6-1-3-0-5-7,2-8-4-6-1-3-0-5-7,14,14,3,False,False,,22,,,
estocastico,8,0,2-8-7-6-3-1-5-0-4,2-8-7-6-3-1-5-4-0,19,18,6,False,False,,25,,,
estocastico,9,0,3-2-1-7-5-4-8-6-0,3-2-1-0-5-4-7-8-6,10,7,11,False,False,,22,,,
estocastico,10,0,3-5-4-6-2-7-8-0-1,3-5-4-6-2-7-0-8-1,17,16,6,False,False,,27,,,
estocastico,11,0,3-6-2-5-0-4-1-7-8,3-6-2-5-4-0-1-7-8,12,11,8,False,False,,16,,,
estocastico,12,0,4-1-5-2-6-3-0-7-8,4-1-5-2-6-3-7-8-0,10,8,8,False,False,,18,,,
estocastico,13,0,4-1-8-3-5-7-2-6-0,4-1-0-3-5-8-2-6-7,16,14,8,False,False,,24,,,
estocastico,14,0,4-3-2-1-0-6-7-5-8,4-3-2-1-5-6-7-8-0,6,4,10,False,False,,18,,,
estocastico,15,0,4-3-7-6-2-5-0-1-8,4-3-7-6-2-5-1-8-0,14,12,8,False,False,,26,,,
estocastico,16,0,4-5-0-1-2-7-8-3-6,4-5-0-1-2-7-8-3-6,12,12,3,False,False,,22,,,
estocastico,17,0,5-1-2-6-4-7-3-0-8,5-1-2-6-4-7-0-3-8,15,14,6,False,False,,23,,,
estocastico,18,0,5-1-7-8-6-3-2-4-0,5-1-7-8-6-3-2-4-0,16,16,3,False,False,,24,,,
estocastico,19,0,6-0-1-8-4-7-3-2-5,0-6-1-8-4-7-3-2-5,19,18,6,False,False,,27,,,
estocastico,20,0,6-3-7-5-1-4-8-2-0,6-3-7-5-1-4-8-2-0,16,16,3,False,False,,24,,,
estocastico,21,0,6-8-2-3-1-5-4-0-7,6-8-2-3-1-5-4-7-0,15,14,6,False,False,,21,,,
estocastico,22,0,7-0-8-6-3-2-1-4-5,7-3-8-6-4-2-1-5-0,17,14,13,False,False,,23,,,
estocastico,23,0,7-1-8-2-0-3-5-4-6,1-2-8-4-5-3-7-0-6,14,5,32,False,False,,22,,,
estocastico,24,0,7-3-2-1-0-6-8-5-4,7-3-2-1-5-6-8-4-0,10,8,10,False,False,,22,,,
estocastico,25,0,7-8-3-4-1-2-0-5-6,7-8-3-4-1-2-0-5-6,10,10,3,False,False,,22,,,
estocastico,26,0,8-1-2-3-6-0-7-5-4,8-1-2-3-5-6-7-4-0,13,10,13,False,False,,23,,,
estocastico,27,0,8-1-7-3-0-2-6-5-4,8-1-7-3-5-2-6-4-0,20,18,10,False,False,,22,,,
estocastico,28,0,8-4-1-3-5-7-0-2-6,8-4-1-3-5-7-0-2-6,16,16,3,False,False,,26,,,
estocastico,29,0,8-6-4-5-0-3-7-1-2,0-8-4-5-6-3-7-1-2,16,14,10,False,False,,26,,,
estocastico,0,1,0-1-6-3-4-7-8-2-5,1-0-6-3-4-7-8-2-5,14,13,6,False,False,,22,,,
estocastico,1,1,0-6-7-8-4-3-1-2-5,0-6-7-8-4-3-1-2-5,16,16,3,False,False,,28,,,
estocastico,2,1,1-0-3-2-7-4-8-5-6,1-0-3-2-7-4-8-5-6,9,9,4,False,False,,21,,,
estocastico,3,1,1-6-8-3-5-0-4-7-2,1-6-8-3-5-2-4-7-0,13,12,6,False,False,,17,,,
estocastico,4,1,1-7-4-8-2-3-0-6-5,1-7-4-0-2-3-8-6-5,14,13,6,False,False,,20,,,
estocastico,5,1,2-3-1-7-4-5-8-6-0,2-3-1-4-5-6-7-8-0,10,4,20,False,False,,16,,,
estocastico,6,1,2-7-1-6-4-8-0-3-5,2-7-1-6-4-8-0-3-5,16,16,3,False,False,,26,,,
estocastico,7,1,2-8-4-6-1-3-0-5-7,2-8-4-6-1-3-0-5-7,14,14,3,False,False,,22,,,
estocastico,8,1,2-8-7-6-3-1-5-0-4,2-8-7-6-3-1-5-4-0,19,18,6,False,False,,25,,,
estocastico,9,1,3-2-1-7-5-4-8-6-0,3-2-1-0-5-4-7-8-6,10,7,11,False,False,,22,,,
estocastico,10,1,3-5-4-6-2-7-8-0-1,3-5-0-6-2-4-8-1-7,17,14,11,False,False,,27,,,
estocastico,11,1,3-6-2-5-0-4-1-7-8,3-6-2-5-4-0-1-7-8,12,11,8,False,False,,16,,,
estocastico,12,1,4-1-5-2-6-3-0-7-8,4-1-5-2-6-3-7-8-0,10,8,8,False,False,,18,,,
estocastico,13,1,4-1-8-3-5-7-2-6-0,4-1-8-3-5-7-0-2-6,16,14,8,False,False,,24,,,
estocastico,14,1,4-3-2-1-0-6-7-5-8,4-3-2-1-5-6-7-8-0,6,4,10,False,False,,18,,,
estocastico,15,1,4-3-7-6-2-5-0-1-8,4-3-7-6-2-5-1-8-0,14,12,8,False,False,,26,,,
estocastico,16,1,4-5-0-1-2-7-8-3-6,4-5-0-1-2-7-8-3-6,12,12,3,False,False,,22,,,
estocastico,17,1,5-1-2-6-4-7-3-0-8,5-1-2-6-4-7-0-3-8,15,14,6,False,False,,23,,,
estocastico,18,1,5-1-7-8-6-3-2-4-0,5-1-7-8-6-3-2-4-0,16,16,3,False,False,,24,,,
estocastico,19,1,6-0-1-8-4-7-3-2-5,6-1-0-8-4-7-3-2-5,19,18,6,False,False,,27,,,
estocastico,20,1,6-3-7-5-1-4-8-2-0,6-3-7-5-1-4-8-2-0,16,16,3,False,False,,24,,,
estocastico,21,1,6-8-2-3-1-5-4-0-7,6-8-2-3-1-5-4-7-0,15,14,6,False,False,,21,,,
estocastico,22,1,7-0-8-6-3-2-1-4-5,0-8-2-7-6-3-1-4-5,17,12,18,False,False,,23,,,
estocastico,23,1,7-1-8-2-0-3-5-4-6,1-8-3-7-2-6-5-4-0,14,8,20,False,False,,22,,,
estocastico,24,1,7-3-2-1-0-6-8-5-4,7-3-2-1-5-6-0-8-4,10,8,10,False,False,,22,,,
estocastico,25,1,7-8-3-4-1-2-0-5-6,7-8-3-4-1-2-0-5-6,10,10,3,False,False,,22,,,
estocastico,26,1,8-1-2-3-6-0-7-5-4,1-2-0-8-3-6-7-5-4,13,8,18,False,False,,23,,,
estocastico,27,1,8-1-7-3-0-2-6-5-4,1-3-7-8-2-4-6-5-0,20,14,22,False,False,,22,,,
estocastico,28,1,8-4-1-3-5-7-0-2-6,8-4-1-3-5-7-0-2-6,16,16,3,False,False,,26,,,
estocastico,29,1,8-6-4-5-0-3-7-1-2,0-8-4-5-6-3-7-1-2,16,14,10,False,False,,26,,,
estocastico,0,2,0-1-6-3-4-7-8-2-5,3-1-0-4-2-6-8-5-7,14,8,20,False,False,,22,,,
estocastico,1,2,0-6-7-8-4-3-1-2-5,0-6-7-8-4-3-1-2-5,16,16,3,False,False,,28,,,
estocastico,2,2,1-0-3-2-7-4-8-5-6,1-0-3-2-7-4-8-5-6,9,9,4,False,False,,21,,,
estocastico,3,2,1-6-8-3-5-0-4-7-2,1-0-6-3-5-8-4-7-2,13,11,9,False,False,,17,,,
estocastico,4,2,1-7-4-8-2-3-0-6-5,1-7-4-0-2-3-8-6-5,14,13,6,False,False,,20,,,
estocastico,5,2,2-3-1-7-4-5-8-6-0,2-3-1-4-5-6-7-8-0,10,4,20,False,False,,16,,,
estocastico,6,2,2-7-1-6-4-8-0-3-5,2-7-1-6-4-8-0-3-5,16,16,3,False,False,,26,,,
estocastico,7,2,2-8-4-6-1-3-0-5-7,2-8-4-6-1-3-0-5-7,14,14,3,False,False,,22,,,
estocastico,8,2,2-8-7-6-3-1-5-0-4,2-8-7-6-3-1-5-4-0,19,18,6,False,False,,25,,,
estocastico,9,2,3-2-1-7-5-4-8-6-0,3-2-1-0-5-4-7-8-6,10,7,11,False,False,,22,,,
estocastico,10,2,3-5-4-6-2-7-8-0-1,3-5-4-6-2-7-0-8-1,17,16,6,False,False,,27,,,
estocastico,11,2,3-6-2-5-0-4-1-7-8,3-2-0-5-6-4-1-7-8,12,10,10,False,False,,16,,,
estocastico,12,2,4-1-5-2-6-3-0-7-8,4-1-5-2-6-3-7-8-0,10,8,8,False,False,,18,,,
estocastico,13,2,4-1-8-3-5-7-2-6-0,4-1-8-3-5-7-0-2-6,16,14,8,False,False,,24,,,
estocastico,14,2,4-3-2-1-0-6-7-5-8,4-3-2-1-5-6-7-8-0,6,4,10,False,False,,18,,,
estocastico,15,2,4-3-7-6-2-5-0-1-8,4-3-7-6-2-5-1-8-0,14,12,8,False,False,,26,,,
estocastico,16,2,4-5-0-1-2-7-8-3-6,4-5-0-1-2-7-8-3-6,12,12,3,False,False,,22,,,
estocastico,17,2,5-1-2-6-4-7-3-0-8,5-1-2-6-4-7-0-3-8,15,14,6,False,False,,23,,,
estocastico,18,2,5-1-7-8-6-3-2-4-0,5-1-7-8-6-3-2-4-0,16,16,3,False,False,,24,,,
estocastico,19,2,6-0-1-8-4-7-3-2-5,6-1-0-8-4-7-3-2-5,19,18,6,False,False,,27,,,
estocastico,20,2,6-3-7-5-1-4-8-2-0,6-3-7-5-1-4-8-2-0,16,16,3,False,False,,24,,,
estocastico,21,2,6-8-2-3-1-5-4-0-7,6-8-2-3-1-5-4-7-0,15,14,6,False,False,,21,,,
estocastico,22,2,7-0-8-6-3-2-1-4-5,7-2-3-6-8-5-1-4-0,17,10,23,False,False,,23,,,
estocastico,23,2,7-1-8-2-0-3-5-4-6,7-1-8-2-4-3-0-5-6,14,12,10,False,False,,22,,,
estocastico,24,2,7-3-2-1-0-6-8-5-4,7-3-2-1-5-6-8-4-0,10,8,10,False,False,,22,,,
estocastico,25,2,7-8-3-4-1-2-0-5-6,7-8-3-4-1-2-0-5-6,10,10,3,False,False,,22,,,
estocastico,26,2,8-1-2-3-6-0-7-5-4,8-1-2-3-5-6-7-4-0,13,10,13,False,False,,23,,,
estocastico,27,2,8-1-7-3-0-2-6-5-4,8-1-7-3-2-4-6-5-0,20,18,10,False,False,,22,,,
estocastico,28,2,8-4-1-3-5-7-0-2-6,8-4-1-3-5-7-0-2-6,16,16,3,False,False,,26,,,
estocastico,29,2,8-6-4-5-0-3-7-1-2,0-8-4-5-6-3-7-1-2,16,14,10,False,False,,26,,,
estocastico,0,3,0-1-6-3-4-7-8-2-5,1-0-6-3-4-7-8-2-5,14,13,6,False,False,,22,,,
estocastico,1,3,0-6-7-8-4-3-1-2-5,0-6-7-8-4-3-1-2-5,16,16,3,False,False,,28,,,
estocastico,2,3,1-0-3-2-7-4-8-5-6,1-0-3-2-7-4-8-5-6,9,9,4,False,False,,21,,,
estocastico,3,3,1-6-8-3-5-0-4-7-2,1-0-6-3-5-8-4-7-2,13,11,9,False,False,,17,,,
estocastico,4,3,1-7-4-8-2-3-0-6-5,1-7-4-0-2-3-8-6-5,14,13,6,False,False,,20,,,
estocastico,5,3,2-3-1-7-4-5-8-6-0,2-3-1-4-5-6-7-8-0,10,4,20,False,False,,16,,,
estocastico,6,3,2-7-1-6-4-8-0-3-5,2-7-1-6-4-8-0-3-5,16,16,3,False,False,,26,,,
estocastico,7,3,2-8-4-6-1-3-0-5-7,2-8-4-6-1-3-0-5-7,14,14,3,False,False,,22,,,
estocastico,8,3,2-8-7-6-3-1-5-0-4,2-8-7-6-3-1-0-5-4,19,18,6,False,False,,25,,,
estocastico,9,3,3-2-1-7-5-4-8-6-0,3-2-1-0-5-4-7-8-6,10,7,11,False,False,,22,,,
estocastico,10,3,3-5-4-6-2-7-8-0-1,3-5-4-6-2-7-0-8-1,17,16,6,False,False,,27,,,
estocastico,11,3,3-6-2-5-0-4-1-7-8,3-6-2-5-4-0-1-7-8,12,11,8,False,False,,16,,,
estocastico,12,3,4-1-5-2-6-3-0-7-8,4-1-5-2-6-3-7-8-0,10,8,8,False,False,,18,,,
estocastico,13,3,4-1-8-3-5-7-2-6-0,4-1-8-3-5-7-0-2-6,16,14,8,False,False,,24,,,
estocastico,14,3,4-3-2-1-0-6-7-5-8,4-3-2-1-5-6-7-8-0,6,4,10,False,False,,18,,,
estocastico,15,3,4-3-7-6-2-5-0-1-8,4-3-7-6-2-5-1-8-0,14,12,8,False,False,,26,,,
estocastico,16,3,4-5-0-1-2-7-8-3-6,4-5-0-1-2-7-8-3-6,12,12,3,False,False,,22,,,
estocastico,17,3,5-1-2-6-4-7-3-0-8,5-1-2-6-4-0-3-8-7,15,13,9,False,False,,23,,,
estocastico,18,3,5-1-7-8-6-3-2-4-0,5-1-7-8-6-3-2-4-0,16,16,3,False,False,,24,,,
estocastico,19,3,6-0-1-8-4-7-3-2-5,0-6-1-8-4-7-3-2-5,19,18,6,False,False,,27,,,
estocastico,20,3,6-3-7-5-1-4-8-2-0,6-3-7-5-1-4-8-2-0,16,16,3,False,False,,24,,,
estocastico,21,3,6-8-2-3-1-5-4-0-7,6-8-2-3-1-5-4-7-0,15,14,6,False,False,,21,,,
estocastico,22,3,7-0-8-6-3-2-1-4-5,7-2-3-6-8-5-1-4-0,17,10,23,False,False,,23,,,
estocastico,23,3,7-1-8-2-0-3-5-4-6,7-1-8-2-4-3-0-5-6,14,12,10,False,False,,22,,,
estocastico,24,3,7-3-2-1-0-6-8-5-4,7-3-2-1-5-6-8-4-0,10,8,10,False,False,,22,,,
estocastico,25,3,7-8-3-4-1-2-0-5-6,7-8-3-4-1-2-0-5-6,10,10,3,False,False,,22,,,
estocastico,26,3,8-1-2-3-6-0-7-5-4,8-1-2-3-6-4-7-5-0,13,12,6,False,False,,23,,,
estocastico,27,3,8-1-7-3-0-2-6-5-4,8-1-0-3-2-7-6-5-4,20,18,10,False,False,,22,,,
estocastico,28,3,8-4-1-3-5-7-0-2-6,8-4-1-3-5-7-0-2-6,16,16,3,False,False,,26,,,
estocastico,29,3,8-6-4-5-0-3-7-1-2,8-6-4-5-1-3-7-2-0,16,14,10,False,False,,26,,,
estocastico,0,4,0-1-6-3-4-7-8-2-5,3-1-6-4-7-5-8-2-0,14,10,15,False,False,,22,,,
estocastico,1,4,0-6-7-8-4-3-1-2-5,0-6-7-8-4-3-1-2-5,16,16,3,False,False,,28,,,
estocastico,2,4,1-0-3-2-7-4-8-5-6,1-0-3-2-7-4-8-5-6,9,9,4,False,False,,21,,,
estocastico,3,4,1-6-8-3-5-0-4-7-2,1-6-8-3-5-2-4-7-0,13,12,6,False,False,,17,,,
estocastico,4,4,1-7-4-8-2-3-0-6-5,1-7-4-0-2-3-8-6-5,14,13,6,False,False,,20,,,
estocastico,5,4,2-3-1-7-4-5-8-6-0,2-3-1-4-5-6-7-8-0,10,4,20,False,False,,16,,,
estocastico,6,4,2-7-1-6-4-8-0-3-5,2-7-1-6-4-8-0-3-5,16,16,3,False,False,,26,,,
estocastico,7,4,2-8-4-6-1-3-0-5-7,2-8-4-6-1-3-0-5-7,14,14,3,False,False,,22,,,
estocastico,8,4,2-8-7-6-3-1-5-0-4,2-8-7-6-3-1-0-5-4,19,18,6,False,False,,25,,,
estocastico,9,4,3-2-1-7-5-4-8-6-0,3-2-1-0-5-4-7-8-6,10,7,11,False,False,,22,,,
estocastico,10,4,3-5-4-6-2-7-8-0-1,3-5-4-6-2-7-0-8-1,17,16,6,False,False,,27,,,
estocastico,11,4,3-6-2-5-0-4-1-7-8,3-6-2-1-5-4-7-8-0,12,8,15,False,False,,16,,,
estocastico,12,4,4-1-5-2-6-3-0-7-8,4-1-5-2-6-3-7-8-0,10,8,8,False,False,,18,,,
estocastico,13,4,4-1-8-3-5-7-2-6-0,4-1-0-3-5-8-2-6-7,16,14,8,False,False,,24,,,
estocastico,14,4,4-3-2-1-0-6-7-5-8,4-3-2-1-5-6-7-8-0,6,4,10,False,False,,18,,,
estocastico,15,4,4-3-7-6-2-5-0-1-8,4-3-7-6-2-5-1-8-0,14,12,8,False,False,,26,,,
estocastico,16,4,4-5-0-1-2-7-8-3-6,4-5-0-1-2-7-8-3-6,12,12,3,False,False,,22,,,
estocastico,17,4,5-1-2-6-4-7-3-0-8,5-1-2-6-4-7-0-3-8,15,14,6,False,False,,23,,,
estocastico,18,4,5-1-7-8-6-3-2-4-0,5-1-7-8-6-3-2-4-0,16,16,3,False,False,,24,,,
estocastico,19,4,6-0-1-8-4-7-3-2-5,0-6-1-8-4-7-3-2-5,19,18,6,False,False,,27,,,
estocastico,20,4,6-3-7-5-1-4-8-2-0,6-3-7-5-1-4-8-2-0,16,16,3,False,False,,24,,,
estocastico,21,4,6-8-2-3-1-5-4-0-7,6-8-2-3-1-5-4-7-0,15,14,6,False,False,,21,,,
estocastico,22,4,7-0-8-6-3-2-1-4-5,7-3-8-6-4-2-1-5-0,17,14,13,False,False,,23,,,
estocastico,23,4,7-1-8-2-0-3-5-4-6,7-1-8-5-2-3-4-0-6,14,11,13,False,False,,22,,,
estocastico,24,4,7-3-2-1-0-6-8-5-4,7-3-2-1-5-6-8-4-0,10,8,10,False,False,,22,,,
estocastico,25,4,7-8-3-4-1-2-0-5-6,7-8-3-4-1-2-0-5-6,10,10,3,False,False,,22,,,
estocastico,26,4,8-1-2-3-6-0-7-5-4,1-2-0-8-3-6-7-5-4,13,8,18,False,False,,23,,,
estocastico,27,4,8-1-7-3-0-2-6-5-4,8-1-7-3-2-4-6-5-0,20,18,10,False,False,,22,,,
estocastico,28,4,8-4-1-3-5-7-0-2-6,8-4-1-3-5-7-0-2-6,16,16,3,False,False,,26,,,
estocastico,29,4,8-6-4-5-0-3-7-1-2,0-8-4-5-6-3-7-1-2,16,14,10,False,False,,26,,,
estocastico,0,5,0-1-6-3-4-7-8-2-5,3-1-0-4-7-6-8-2-5,14,10,15,False,False,,22,,,
estocastico,1,5,0-6-7-8-4-3-1-2-5,0-6-7-8-4-3-1-2-5,16,16,3,False,False,,28,,,
estocastico,2,5,1-0-3-2-7-4-8-5-6,1-0-3-2-7-4-8-5-6,9,9,4,False,False,,21,,,
estocastico,3,5,1-6-8-3-5-0-4-7-2,1-0-6-3-5-8-4-7-2,13,11,9,False,False,,17,,,
estocastico,4,5,1-7-4-8-2-3-0-6-5,1-7-4-0-2-3-8-6-5,14,13,6,False,False,,20,,,
estocastico,5,5,2-3-1-7-4-5-8-6-0,2-3-1-4-5-6-7-8-0,10,4,20,False,False,,16,,,
estocastico,6,5,2-7-1-6-4-8-0-3-5,2-7-1-6-4-8-0-3-5,16,16,3,False,False,,26,,,
estocastico,7,5,2-8-4-6-1-3-0-5-7,2-8-4-6-1-3-0-5-7,14,14,3,False,False,,22,,,
estocastico,8,5,2-8-7-6-3-1-5-0-4,2-8-7-6-3-1-0-5-4,19,18,6,False,False,,25,,,
estocastico,9,5,3-2-1-7-5-4-8-6-0,3-2-1-0-5-4-7-8-6,10,7,11,False,False,,22,,,
estocastico,10,5,3-5-4-6-2-7-8-0-1,3-5-4-6-2-7-0-8-1,17,16,6,False,False,,27,,,
estocastico,11,5,3-6-2-5-0-4-1-7-8,3-6-2-1-5-4-7-8-0,12,8,15,False,False,,16,,,
estocastico,12,5,4-1-5-2-6-3-0-7-8,4-1-5-2-6-3-7-8-0,10,8,8,False,False,,18,,,
estocastico,13,5,4-1-8-3-5-7-2-6-0,4-1-0-3-5-8-2-6-7,16,14,8,False,False,,24,,,
estocastico,14,5,4-3-2-1-0-6-7-5-8,4-3-2-1-5-6-7-8-0,6,4,10,False,False,,18,,,
estocastico,15,5,4-3-7-6-2-5-0-1-8,4-3-7-6-2-5-1-8-0,14,12,8,False,False,,26,,,
estocastico,16,5,4-5-0-1-2-7-8-3-6,4-5-0-1-2-7-8-3-6,12,12,3,False,False,,22,,,
estocastico,17,5,5-1-2-6-4-7-3-0-8,5-1-2-6-4-7-0-3-8,15,14,6,False,False,,23,,,
estocastico,18,5,5-1-7-8-6-3-2-4-0,5-1-7-8-6-3-2-4-0,16,16,3,False,False,,24,,,
estocastico,19,5,6-0-1-8-4-7-3-2-5,6-1-0-8-4-7-3-2-5,19,18,6,False,False,,27,,,
estocastico,20,5,6-3-7-5-1-4-8-2-0,6-3-7-5-1-4-8-2-0,16,16,3,False,False,,24,,,
estocastico,21,5,6-8-2-3-1-5-4-0-7,6-8-2-3-1-5-4-7-0,15,14,6,False,False,,21,,,
estocastico,22,5,7-0-8-6-3-2-1-4-5,7-8-2-6-4-3-1-5-0,17,12,18,False,False,,23,,,
estocastico,23,5,7-1-8-2-0-3-5-4-6,7-1-8-5-2-3-4-0-6,14,11,13,False,False,,22,,,
estocastico,24,5,7-3-2-1-0-6-8-5-4,7-3-2-1-5-6-8-4-0,10,8,10,False,False,,22,,,
estocastico,25,5,7-8-3-4-1-2-0-5-6,7-8-3-4-1-2-0-5-6,10,10,3,False,False,,22,,,
estocastico,26,5,8-1-2-3-6-0-7-5-4,8-1-2-3-6-4-7-5-0,13,12,6,False,False,,23,,,
estocastico,27,5,8-1-7-3-0-2-6-5-4,8-1-7-3-5-2-0-6-4,20,18,10,False,False,,22,,,
estocastico,28,5,8-4-1-3-5-7-0-2-6,8-4-1-3-5-7-0-2-6,16,16,3,False,False,,26,,,
estocastico,29,5,8-6-4-5-0-3-7-1-2,8-6-4-5-1-3-7-2-0,16,14,10,False,False,,26,,,
estocastico,0,6,0-1-6-3-4-7-8-2-5,1-0-6-3-4-7-8-2-5,14,13,6,False,False,,22,,,
estocastico,1,6,0-6-7-8-4-3-1-2-5,0-6-7-8-4-3-1-2-5,16,16,3,False,False,,28,,,
estocastico,2,6,1-0-3-2-7-4-8-5-6,1-0-3-2-7-4-8-5-6,9,9,4,False,False,,21,,,
estocastico,3,6,1-6-8-3-5-0-4-7-2,1-0-6-3-5-8-4-7-2,13,11,9,False,False,,17,,,
estocastico,4,6,1-7-4-8-2-3-0-6-5,1-7-4-0-2-3-8-6-5,14,13,6,False,False,,20,,,
estocastico,5,6,2-3-1-7-4-5-8-6-0,2-3-1-4-5-6-7-8-0,10,4,20,False,False,,16,,,
estocastico,6,6,2-7-1-6-4-8-0-3-5,2-7-1-6-4-8-0-3-5,16,16,3,False,False,,26,,,
estocastico,7,6,2-8-4-6-1-3-0-5-7,2-8-4-6-1-3-0-5-7,14,14,3,False,False,,22,,,
estocastico,8,6,2-8-7-6-3-1-5-0-4,2-8-7-6-3-1-5-4-0,19,18,6,False,False,,25,,,
estocastico,9,6,3-2-1-7-5-4-8-6-0,3-2-1-0-5-4-7-8-6,10,7,11,False,False,,22,,,
estocastico,10,6,3-5-4-6-2-7-8-0-1,3-5-0-6-2-4-8-1-7,17,14,11,False,False,,27,,,
estocastico,11,6,3-6-2-5-0-4-1-7-8,3-2-0-5-6-4-1-7-8,12,10,10,False,False,,16,,,
estocastico,12,6,4-1-5-2-6-3-0-7-8,4-1-5-2-6-3-7-8-0,10,8,8,False,False,,18,,,
estocastico,13,6,4-1-8-3-5-7-2-6-0,4-1-0-3-5-8-2-6-7,16,14,8,False,False,,24,,,
estocastico,14,6,4-3-2-1-0-6-7-5-8,4-3-2-1-5-6-7-8-0,6,4,10,False,False,,18,,,
estocastico,15,6,4-3-7-6-2-5-0-1-8,4-3-7-6-2-5-1-8-0,14,12,8,False,False,,26,,,
estocastico,16,6,4-5-0-1-2-7-8-3-6,4-5-0-1-2-7-8-3-6,12,12,3,False,False,,22,,,
estocastico,17,6,5-1-2-6-4-7-3-0-8,5-1-2-6-4-0-3-8-7,15,13,9,False,False,,23,,,
estocastico,18,6,5-1-7-8-6-3-2-4-0,5-1-7-8-6-3-2-4-0,16,16,3,False,False,,24,,,
estocastico,19,6,6-0-1-8-4-7-3-2-5,0-6-1-8-4-7-3-2-5,19,18,6,False,False,,27,,,
estocastico,20,6,6-3-7-5-1-4-8-2-0,6-3-7-5-1-4-8-2-0,16,16,3,False,False,,24,,,
estocastico,21,6,6-8-2-3-1-5-4-0-7,6-8-2-3-1-5-4-7-0,15,14,6,False,False,,21,,,
estocastico,22,6,7-0-8-6-3-2-1-4-5,7-8-2-6-4-3-1-5-0,17,12,18,False,False,,23,,,
estocastico,23,6,7-1-8-2-0-3-5-4-6,7-1-8-2-4-3-0-5-6,14,12,10,False,False,,22,,,
estocastico,24,6,7-3-2-1-0-6-8-5-4,7-3-2-1-5-6-8-4-0,10,8,10,False,False,,22,,,
estocastico,25,6,7-8-3-4-1-2-0-5-6,7-8-3-4-1-2-0-5-6,10,10,3,False,False,,22,,,
estocastico,26,6,8-1-2-3-6-0-7-5-4,8-1-2-3-5-6-7-4-0,13,10,13,False,False,,23,,,
estocastico,27,6,8-1-7-3-0-2-6-5-4,1-3-7-0-5-2-8-6-4,20,13,25,False,False,,22,,,
estocastico,28,6,8-4-1-3-5-7-0-2-6,8-4-1-3-5-7-0-2-6,16,16,3,False,False,,26,,,
estocastico,29,6,8-6-4-5-0-3-7-1-2,0-6-4-8-5-3-7-1-2,16,14,10,False,False,,26,,,
estocastico,0,7,0-1-6-3-4-7-8-2-5,1-0-6-3-4-7-8-2-5,14,13,6,False,False,,22,,,
estocastico,1,7,0-6-7-8-4-3-1-2-5,0-6-7-8-4-3-1-2-5,16,16,3,False,False,,28,,,
estocastico,2,7,1-0-3-2-7-4-8-5-6,1-0-3-2-7-4-8-5-6,9,9,4,False,False,,21,,,
estocastico,3,7,1-6-8-3-5-0-4-7-2,1-0-6-3-5-8-4-7-2,13,11,9,False,False,,17,,,
estocastico,4,7,1-7-4-8-2-3-0-6-5,1-7-4-0-2-3-8-6-5,14,13,6,False,False,,20,,,
estocastico,5,7,2-3-1-7-4-5-8-6-0,2-3-1-4-5-6-7-8-0,10,4,20,False,False,,16,,,
estocastico,6,7,2-7-1-6-4-8-0-3-5,2-7-1-6-4-8-0-3-5,16,16,3,False,False,,26,,,
estocastico,7,7,2-8-4-6-1-3-0-5-7,2-8-4-6-1-3-0-5-7,14,14,3,False,False,,22,,,
estocastico,8,7,2-8-7-6-3-1-5-0-4,2-8-7-6-3-1-0-5-4,19,18,6,False,False,,25,,,
estocastico,9,7,3-2-1-7-5-4-8-6-0,3-2-1-0-5-4-7-8-6,10,7,11,False,False,,22,,,
estocastico,10,7,3-5-4-6-2-7-8-0-1,3-5-0-6-2-4-8-1-7,17,14,11,False,False,,27,,,
estocastico,11,7,3-6-2-5-0-4-1-7-8,3-6-2-5-4-0-1-7-8,12,11,8,False,False,,16,,,
estocastico,12,7,4-1-5-2-6-3-0-7-8,4-1-5-2-6-3-7-8-0,10,8,8,False,False,,18,,,
estocastico,13,7,4-1-8-3-5-7-2-6-0,4-1-0-3-5-8-2-6-7,16,14,8,False,False,,24,,,
estocastico,14,7,4-3-2-1-0-6-7-5-8,4-3-2-1-5-6-7-8-0,6,4,10,False,False,,18,,,
estocastico,15,7,4-3-7-6-2-5-0-1-8,4-3-7-6-2-5-1-8-0,14,12,8,False,False,,26,,,
estocastico,16,7,4-5-0-1-2-7-8-3-6,4-5-0-1-2-7-8-3-6,12,12,3,False,False,,22,,,
estocastico,17,7,5-1-2-6-4-7-3-0-8,5-1-2-6-4-7-0-3-8,15,14,6,False,False,,23,,,
estocastico,18,7,5-1-7-8-6-3-2-4-0,5-1-7-8-6-3-2-4-0,16,16,3,False,False,,24,,,
estocastico,19,7,6-0-1-8-4-7-3-2-5,0-6-1-8-4-7-3-2-5,19,18,6,False,False,,27,,,
estocastico,20,7,6-3-7-5-1-4-8-2-0,6-3-7-5-1-4-8-2-0,16,16,3,False,False,,24,,,
estocastico,21,7,6-8-2-3-1-5-4-0-7,6-8-2-3-1-5-4-7-0,15,14,6,False,False,,21,,,
estocastico,22,7,7-0-8-6-3-2-1-4-5,7-3-8-6-2-5-1-4-0,17,14,13,False,False,,23,,,
estocastico,23,7,7-1-8-2-0-3-5-4-6,1-8-3-7-2-6-5-4-0,14,8,20,False,False,,22,,,
estocastico,24,7,7-3-2-1-0-6-8-5-4,7-3-2-1-5-6-8-4-0,10,8,10,False,False,,22,,,
estocastico,25,7,7-8-3-4-1-2-0-5-6,7-8-3-4-1-2-0-5-6,10,10,3,False,False,,22,,,
estocastico,26,7,8-1-2-3-6-0-7-5-4,8-1-2-3-5-6-7-4-0,13,10,13,False,False,,23,,,
estocastico,27,7,8-1-7-3-0-2-6-5-4,8-1-7-6-3-2-0-5-4,20,18,10,False,False,,22,,,
estocastico,28,7,8-4-1-3-5-7-0-2-6,8-4-1-3-5-7-0-2-6,16,16,3,False,False,,26,,,
estocastico,29,7,8-6-4-5-0-3-7-1-2,0-6-4-8-5-3-7-1-2,16,14,10,False,False,,26,,,
estocastico,0,8,0-1-6-3-4-7-8-2-5,3-1-0-4-2-6-8-5-7,14,8,20,False,False,,22,,,
estocastico,1,8,0-6-7-8-4-3-1-2-5,0-6-7-8-4-3-1-2-5,16,16,3,False,False,,28,,,
estocastico,2,8,1-0-3-2-7-4-8-5-6,1-0-3-2-7-4-8-5-6,9,9,4,False,False,,21,,,
estocastico,3,8,1-6-8-3-5-0-4-7-2,1-0-6-3-5-8-4-7-2,13,11,9,False,False,,17,,,
estocastico,4,8,1-7-4-8-2-3-0-6-5,1-7-4-0-2-3-8-6-5,14,13,6,False,False,,20,,,
estocastico,5,8,2-3-1-7-4-5-8-6-0,2-3-1-4-5-6-7-8-0,10,4,20,False,False,,16,,,
estocastico,6,8,2-7-1-6-4-8-0-3-5,2-7-1-6-4-8-0-3-5,16,16,3,False,False,,26,,,
estocastico,7,8,2-8-4-6-1-3-0-5-7,2-8-4-6-1-3-0-5-7,14,14,3,False,False,,22,,,
estocastico,8,8,2-8-7-6-3-1-5-0-4,2-8-7-6-3-1-5-4-0,19,18,6,False,False,,25,,,
estocastico,9,8,3-2-1-7-5-4-8-6-0,3-2-1-0-5-4-7-8-6,10,7,11,False,False,,22,,,
estocastico,10,8,3-5-4-6-2-7-8-0-1,3-5-0-6-2-4-8-1-7,17,14,11,False,False,,27,,,
estocastico,11,8,3-6-2-5-0-4-1-7-8,3-6-2-5-4-0-1-7-8,12,11,8,False,False,,16,,,
estocastico,12,8,4-1-5-2-6-3-0-7-8,4-1-5-2-6-3-7-8-0,10,8,8,False,False,,18,,,
estocastico,13,8,4-1-8-3-5-7-2-6-0,4-1-0-3-5-8-2-6-7,16,14,8,False,False,,24,,,
estocastico,14,8,4-3-2-1-0-6-7-5-8,4-3-2-1-5-6-7-8-0,6,4,10,False,False,,18,,,
estocastico,15,8,4-3-7-6-2-5-0-1-8,4-3-7-6-2-5-1-8-0,14,12,8,False,False,,26,,,
estocastico,16,8,4-5-0-1-2-7-8-3-6,4-5-0-1-2-7-8-3-6,12,12,3,False,False,,22,,,
estocastico,17,8,5-1-2-6-4-7-3-0-8,5-1-2-6-4-0-3-8-7,15,13,9,False,False,,23,,,
estocastico,18,8,5-1-7-8-6-3-2-4-0,5-1-7-8-6-3-2-4-0,16,16,3,False,False,,24,,,
estocastico,19,8,6-0-1-8-4-7-3-2-5,0-6-1-8-4-7-3-2-5,19,18,6,False,False,,27,,,
estocastico,20,8,6-3-7-5-1-4-8-2-0,6-3-7-5-1-4-8-2-0,16,16,3,False,False,,24,,,
estocastico,21,8,6-8-2-3-1-5-4-0-7,6-8-2-3-1-5-4-7-0,15,14,6,False,False,,21,,,
estocastico,22,8,7-0-8-6-3-2-1-4-5,7-3-8-6-4-2-1-5-0,17,14,13,False,False,,23,,,
estocastico,23,8,7-1-8-2-0-3-5-4-6,7-1-8-2-4-3-0-5-6,14,12,10,False,False,,22,,,
estocastico,24,8,7-3-2-1-0-6-8-5-4,7-3-2-1-5-6-0-8-4,10,8,10,False,False,,22,,,
estocastico,25,8,7-8-3-4-1-2-0-5-6,7-8-3-4-1-2-0-5-6,10,10,3,False,False,,22,,,
estocastico,26,8,8-1-2-3-6-0-7-5-4,8-1-2-3-6-4-7-5-0,13,12,6,False,False,,23,,,
estocastico,27,8,8-1-7-3-0-2-6-5-4,8-1-7-3-5-2-0-6-4,20,18,10,False,False,,22,,,
estocastico,28,8,8-4-1-3-5-7-0-2-6,8-4-1-3-5-7-0-2-6,16,16,3,False,False,,26,,,
estocastico,29,8,8-6-4-5-0-3-7-1-2,8-6-4-5-1-3-7-2-0,16,14,10,False,False,,26,,,
estocastico,0,9,0-1-6-3-4-7-8-2-5,3-1-0-4-2-6-8-5-7,14,8,20,False,False,,22,,,
estocastico,1,9,0-6-7-8-4-3-1-2-5,0-6-7-8-4-3-1-2-5,16,16,3,False,False,,28,,,
estocastico,2,9,1-0-3-2-7-4-8-5-6,1-0-3-2-7-4-8-5-6,9,9,4,False,False,,21,,,
estocastico,3,9,1-6-8-3-5-0-4-7-2,1-6-8-3-5-2-4-7-0,13,12,6,False,False,,17,,,
estocastico,4,9,1-7-4-8-2-3-0-6-5,1-7-4-0-2-3-8-6-5,14,13,6,False,False,,20,,,
estocastico,5,9,2-3-1-7-4-5-8-6-0,2-3-1-4-5-6-7-8-0,10,4,20,False,False,,16,,,
estocastico,6,9,2-7-1-6-4-8-0-3-5,2-7-1-6-4-8-0-3-5,16,16,3,False,False,,26,,,
estocastico,7,9,2-8-4-6-1-3-0-5-7,2-8-4-6-1-3-0-5-7,14,14,3,False,False,,22,,,
estocastico,8,9,2-8-7-6-3-1-5-0-4,2-8-7-6-3-1-5-4-0,19,18,6,False,False,,25,,,
estocastico,9,9,3-2-1-7-5-4-8-6-0,3-2-1-0-5-4-7-8-6,10,7,11,False,False,,22,,,
estocastico,10,9,3-5-4-6-2-7-8-0-1,3-5-0-6-2-4-8-1-7,17,14,11,False,False,,27,,,
estocastico,11,9,3-6-2-5-0-4-1-7-8,3-6-2-5-4-0-1-7-8,12,11,8,False,False,,16,,,
estocastico,12,9,4-1-5-2-6-3-0-7-8,4-1-5-2-6-3-7-8-0,10,8,8,False,False,,18,,,
estocastico,13,9,4-1-8-3-5-7-2-6-0,4-1-8-3-5-7-0-2-6,16,14,8,False,False,,24,,,
estocastico,14,9,4-3-2-1-0-6-7-5-8,4-3-2-1-5-6-7-8-0,6,4,10,False,False,,18,,,
estocastico,15,9,4-3-7-6-2-5-0-1-8,4-3-7-6-2-5-1-8-0,14,12,8,False,False,,26,,,
estocastico,16,9,4-5-0-1-2-7-8-3-6,4-5-0-1-2-7-8-3-6,12,12,3,False,False,,22,,,
estocastico,17,9,5-1-2-6-4-7-3-0-8,5-1-2-6-4-7-0-3-8,15,14,6,False,False,,23,,,
estocastico,18,9,5-1-7-8-6-3-2-4-0,5-1-7-8-6-3-2-4-0,16,16,3,False,False,,24,,,
estocastico,19,9,6-0-1-8-4-7-3-2-5,0-6-1-8-4-7-3-2-5,19,18,6,False,False,,27,,,
estocastico,20,9,6-3-7-5-1-4-8-2-0,6-3-7-5-1-4-8-2-0,16,16,3,False,False,,24,,,
estocastico,21,9,6-8-2-3-1-5-4-0-7,6-8-2-3-1-5-4-7-0,15,14,6,False,False,,21,,,
estocastico,22,9,7-0-8-6-3-2-1-4-5,7-8-2-6-3-5-1-4-0,17,14,11,False,False,,23,,,
estocastico,23,9,7-1-8-2-0-3-5-4-6,7-1-8-5-2-3-4-0-6,14,11,13,False,False,,22,,,
estocastico,24,9,7-3-2-1-0-6-8-5-4,7-3-2-1-5-6-0-8-4,10,8,10,False,False,,22,,,
estocastico,25,9,7-8-3-4-1-2-0-5-6,7-8-3-4-1-2-0-5-6,10,10,3,False,False,,22,,,
estocastico,26,9,8-1-2-3-6-0-7-5-4,8-1-2-3-6-4-7-5-0,13,12,6,False,False,,23,,,
estocastico,27,9,8-1-7-3-0-2-6-5-4,8-1-7-6-3-2-0-5-4,20,18,10,False,False,,22,,,
estocastico,28,9,8-4-1-3-5-7-0-2-6,8-4-1-3-5-7-0-2-6,16,16,3,False,False,,26,,,
estocastico,29,9,8-6-4-5-0-3-7-1-2,0-6-4-8-5-3-7-1-2,16,14,10,False,False,,26,,,
reinicios,0,0,0-1-6-3-4-7-8-2-5,1-2-3-4-7-6-0-8-5,14,4,9826,False,True,,22,2-3-6-1-8-7-0-4-5,1038.0,False
reinicios,1,0,0-6-7-8-4-3-1-2-5,0-2-3-4-8-6-1-7-5,16,6,9838,False,True,,28,8-3-0-2-7-6-4-1-5,960.0,False
reinicios,2,0,1-0-3-2-7-4-8-5-6,2-1-3-5-4-6-7-8-0,9,4,9823,False,True,,21,2-1-3-5-4-0-7-8-6,976.0,False
reinicios,3,0,1-6-8-3-5-0-4-7-2,1-2-3-4-5-6-7-8-0,13,0,1340,True,False,27.0,17,1-3-6-4-2-8-7-0-5,100.0,False
reinicios,4,0,1-7-4-8-2-3-0-6-5,1-2-3-4-5-6-7-8-0,14,0,2166,True,False,32.0,20,7-4-3-8-1-5-0-2-6,196.0,False
reinicios,5,0,2-3-1-7-4-5-8-6-0,1-2-3-4-5-6-7-8-0,10,0,609,True,False,30.0,16,2-4-3-7-1-5-8-6-0,43.0,False
reinicios,6,0,2-7-1-6-4-8-0-3-5,0-2-1-4-5-3-7-6-8,16,6,9823,False,True,,26,4-2-1-7-0-3-6-5-8,972.0,False
reinicios,7,0,2-8-4-6-1-3-0-5-7,1-2-3-4-5-6-7-8-0,14,0,3309,True,False,32.0,22,0-2-3-1-7-8-6-4-5,349.0,False
reinicios,8,0,2-8-7-6-3-1-5-0-4,2-3-1-4-5-6-7-8-0,19,4,9823,False,True,,25,2-3-1-0-6-8-5-4-7,1016.0,False
reinicios,9,0,3-2-1-7-5-4-8-6-0,1-2-3-4-5-6-7-8-0,10,0,6428,True,False,34.0,22,3-4-5-7-1-2-8-6-0,561.0,False
reinicios,10,0,3-5-4-6-2-7-8-0-1,1-3-2-6-5-4-7-8-0,17,6,9827,False,True,,27,5-0-2-3-1-4-6-7-8,1052.0,False
reinicios,11,0,3-6-2-5-0-4-1-7-8,1-2-3-4-5-6-7-8-0,12,0,4813,True,False,32.0,16,3-6-0-1-4-8-7-2-5,442.0,False
reinicios,12,0,4-1-5-2-6-3-0-7-8,1-2-3-4-5-6-7-8-0,10,0,764,True,False,32.0,18,4-1-5-7-0-2-8-3-6,56.0,False
reinicios,13,0,4-1-8-3-5-7-2-6-0,2-3-1-4-5-6-7-8-0,16,4,9832,False,True,,24,0-4-1-3-6-8-2-7-5,1129.0,False
reinicios,14,0,4-3-2-1-0-6-7-5-8,4-3-2-1-5-6-7-8-0,6,4,9831,False,True,,18,4-3-2-1-0-6-7-5-8,938.0,False
reinicios,15,0,4-3-7-6-2-5-0-1-8,4-2-3-1-5-6-0-8-7,14,4,9823,False,True,,26,4-2-0-1-6-3-8-5-7,1084.0,False
reinicios,16,0,4-5-0-1-2-7-8-3-6,1-2-5-4-0-6-7-8-3,12,4,9839,False,True,,22,1-2-5-7-4-6-8-3-0,991.0,False
reinicios,17,0,5-1-2-6-4-7-3-0-8,1-3-2-4-5-6-0-8-7,15,4,9828,False,True,,23,5-0-2-3-1-7-4-6-8,904.0,False
reinicios,18,0,5-1-7-8-6-3-2-4-0,1-2-7-4-5-6-0-8-3,16,6,9843,False,True,,24,5-1-7-2-8-6-4-3-0,846.0,False
reinicios,19,0,6-0-1-8-4-7-3-2-5,1-0-3-4-5-6-7-8-2,19,3,9826,False,True,,27,7-4-6-8-1-5-3-0-2,813.0,False
reinicios,20,0,6-3-7-5-1-4-8-2-0,6-2-3-4-5-0-1-8-7,16,7,9830,False,True,,24,6-3-7-4-2-8-1-5-0,1116.0,False
reinicios,21,0,6-8-2-3-1-5-4-0-7,1-3-2-4-6-5-7-8-0,15,4,9839,False,True,,21,6-0-2-3-1-5-4-7-8,877.0,False
reinicios,22,0,7-0-8-6-3-2-1-4-5,1-2-3-4-5-6-7-8-0,17,0,2569,True,False,35.0,23,6-0-3-2-7-8-1-4-5,223.0,False
reinicios,23,0,7-1-8-2-0-3-5-4-6,1-2-3-0-5-6-7-8-4,14,3,9823,False,True,,22,2-8-3-1-0-6-5-7-4,963.0,False
reinicios,24,0,7-3-2-1-0-6-8-5-4,1-2-3-4-5-6-7-8-0,10,0,8287,True,False,32.0,22,1-3-5-8-7-2-0-4-6,947.0,False
reinicios,25,0,7-8-3-4-1-2-0-5-6,1-2-3-8-4-6-7-5-0,10,4,9826,False,True,,22,8-1-3-7-2-6-0-4-5,1152.0,False
reinicios,26,0,8-1-2-3-6-0-7-5-4,1-2-3-8-4-6-7-5-0,13,4,9829,False,True,,23,8-1-2-7-4-0-5-6-3,897.0,False
reinicios,27,0,8-1-7-3-0-2-6-5-4,1-2-0-4-5-6-8-7-3,20,4,9837,False,True,,22,1-7-5-8-4-2-0-3-6,1022.0,False
reinicios,28,0,8-4-1-3-5-7-0-2-6,0-2-1-4-5-6-7-8-3,16,4,9823,False,True,,26,7-4-0-8-2-1-5-3-6,1004.0,False
reinicios,29,0,8-6-4-5-0-3-7-1-2,1-2-6-0-5-4-7-8-3,16,5,9829,False,True,,26,1-2-6-8-0-4-5-7-3,1085.0,False
reinicios,0,1,0-1-6-3-4-7-8-2-5,4-2-3-1-5-6-0-8-7,14,4,9824,False,True,,22,4-3-6-1-2-7-8-5-0,1008.0,False
reinicios,1,1,0-6-7-8-4-3-1-2-5,8-2-3-4-5-6-1-7-0,16,6,9824,False,True,,28,8-3-6-4-0-7-1-2-5,975.0,False
reinicios,2,1,1-0-3-2-7-4-8-5-6,1-2-3-4-5-6-7-8-0,9,0,7111,True,False,31.0,21,7-4-2-0-1-3-8-5-6,696.0,False
reinicios,3,1,1-6-8-3-5-0-4-7-2,1-2-3-4-5-6-7-8-0,13,0,189,True,False,31.0,17,1-6-8-4-3-0-7-2-5,16.0,False
reinicios,4,1,1-7-4-8-2-3-0-6-5,1-2-3-4-5-6-7-8-0,14,0,1473,True,False,32.0,20,2-4-0-7-1-3-8-6-5,144.0,False
reinicios,5,1,2-3-1-7-4-5-8-6-0,1-2-3-4-5-6-7-8-0,10,0,668,True,False,30.0,16,2-4-3-7-1-5-8-6-0,55.0,False
reinicios,6,1,2-7-1-6-4-8-0-3-5,1-8-3-4-6-5-7-2-0,16,6,9841,False,True,,26,4-1-8-7-0-3-2-6-5,992.0,False
reinicios,7,1,2-8-4-6-1-3-0-5-7,1-2-3-4-5-6-7-8-0,14,0,369,True,False,28.0,22,1-2-3-5-6-8-0-4-7,38.0,False
reinicios,8,1,2-8-7-6-3-1-5-0-4,0-2-3-5-4-6-1-7-8,19,6,9825,False,True,,25,3-6-8-2-4-0-5-1-7,1032.0,False
reinicios,9,1,3-2-1-7-5-4-8-6-0,1-3-2-4-0-6-7-8-5,10,4,9847,False,True,,22,3-4-2-1-0-6-7-8-5,885.0,False
reinicios,10,1,3-5-4-6-2-7-8-0-1,0-2-3-4-6-5-7-8-1,17,6,9826,False,True,,27,6-4-3-7-2-5-8-0-1,1078.0,False
reinicios,11,1,3-6-2-5-0-4-1-7-8,1-0-3-4-5-6-7-8-2,12,3,9823,False,True,,16,5-3-0-1-4-6-7-8-2,947.0,False
reinicios,12,1,4-1-5-2-6-3-0-7-8,1-2-3-4-5-6-7-8-0,10,0,7142,True,False,32.0,18,4-1-5-7-0-2-8-3-6,612.0,False
reinicios,13,1,4-1-8-3-5-7-2-6-0,2-3-1-4-5-6-7-8-0,16,4,9837,False,True,,24,0-4-1-3-6-8-2-7-5,1150.0,False
reinicios,14,1,4-3-2-1-0-6-7-5-8,1-2-3-4-5-6-7-8-0,6,0,8517,True,False,34.0,18,6-4-2-1-3-8-0-7-5,815.0,False
reinicios,15,1,4-3-7-6-2-5-0-1-8,4-2-3-1-5-6-0-8-7,14,4,9833,False,True,,26,4-2-3-1-6-7-8-5-0,1054.0,False
reinicios,16,1,4-5-0-1-2-7-8-3-6,4-2-3-1-5-6-8-7-0,12,4,9837,False,True,,22,4-7-2-1-0-3-8-6-5,1047.0,False
reinicios,17,1,5-1-2-6-4-7-3-0-8,1-3-2-4-5-6-0-8-7,15,4,9827,False,True,,23,1-0-2-5-3-7-4-6-8,893.0,False
reinicios,18,1,5-1-7-8-6-3-2-4-0,1-2-7-4-5-6-0-8-3,16,6,9827,False,True,,24,5-1-7-2-8-6-0-4-3,831.0,False
reinicios,19,1,6-0-1-8-4-7-3-2-5,2-3-1-4-5-6-7-8-0,19,4,9825,False,True,,27,3-8-1-2-7-0-4-6-5,830.0,False
reinicios,20,1,6-3-7-5-1-4-8-2-0,1-2-3-4-6-5-0-8-7,16,4,9823,False,True,,24,6-1-3-2-8-5-0-4-7,1128.0,False
reinicios,21,1,6-8-2-3-1-5-4-0-7,1-3-2-4-6-5-7-8-0,15,4,9824,False,True,,21,6-0-2-3-1-5-4-7-8,861.0,False
reinicios,22,1,7-0-8-6-3-2-1-4-5,1-2-3-4-5-6-7-8-0,17,0,2977,True,False,35.0,23,6-0-3-2-7-8-1-4-5,246.0,False
reinicios,23,1,7-1-8-2-0-3-5-4-6,1-2-3-4-5-7-0-8-6,14,4,9827,False,True,,22,0-2-3-1-8-7-5-4-6,970.0,False
reinicios,24,1,7-3-2-1-0-6-8-5-4,1-3-2-4-0-6-7-8-5,10,4,9835,False,True,,22,0-4-2-7-1-6-8-3-5,1101.0,False
reinicios,25,1,7-8-3-4-1-2-0-5-6,1-3-2-4-0-6-7-8-5,10,4,9827,False,True,,22,1-3-2-7-0-6-8-4-5,1154.0,False
reinicios,26,1,8-1-2-3-6-0-7-5-4,1-2-3-8-4-6-7-5-0,13,4,9833,False,True,,23,8-1-2-7-4-0-5-6-3,940.0,False
reinicios,27,1,8-1-7-3-0-2-6-5-4,3-2-1-5-4-6-7-8-0,20,6,9832,False,True,,22,3-2-1-6-0-8-5-7-4,977.0,False
reinicios,28,1,8-4-1-3-5-7-0-2-6,1-3-2-4-5-6-0-8-7,16,4,9824,False,True,,26,0-4-1-8-6-2-5-3-7,994.0,False
reinicios,29,1,8-6-4-5-0-3-7-1-2,1-2-6-0-5-4-7-8-3,16,5,9830,False,True,,26,1-2-6-8-0-4-5-7-3,1064.0,False
reinicios,0,2,0-1-6-3-4-7-8-2-5,1-2-3-4-5-6-7-8-0,14,0,3959,True,False,30.0,22,2-3-6-1-5-8-0-4-7,415.0,False
reinicios,1,2,0-6-7-8-4-3-1-2-5,8-2-3-4-5-6-1-7-0,16,6,9823,False,True,,28,8-3-6-4-2-7-1-5-0,950.0,False
reinicios,2,2,1-0-3-2-7-4-8-5-6,2-1-3-4-5-6-0-8-7,9,4,9836,False,True,,21,2-1-3-0-8-6-5-4-7,941.0,False
reinicios,3,2,1-6-8-3-5-0-4-7-2,1-2-3-4-5-6-7-8-0,13,0,221,True,False,31.0,17,1-6-8-4-3-0-7-2-5,14.0,False
reinicios,4,2,1-7-4-8-2-3-0-6-5,1-2-3-4-5-6-7-8-0,14,0,166,True,False,30.0,20,2-4-3-7-1-5-8-6-0,16.0,False
reinicios,5,2,2-3-1-7-4-5-8-6-0,1-2-3-4-5-6-7-8-0,10,0,236,True,False,30.0,16,2-4-3-7-1-5-8-6-0,18.0,False
reinicios,6,2,2-7-1-6-4-8-0-3-5,2-1-3-7-5-6-4-8-0,16,4,9824,False,True,,26,2-1-3-7-0-8-4-6-5,985.0,False
reinicios,7,2,2-8-4-6-1-3-0-5-7,2-1-3-5-4-6-7-8-0,14,4,9844,False,True,,22,2-1-3-6-0-8-5-7-4,1018.0,False
reinicios,8,2,2-8-7-6-3-1-5-0-4,0-2-3-4-5-6-7-1-8,19,4,9839,False,True,,25,3-0-6-2-7-8-5-4-1,1014.0,False
reinicios,9,2,3-2-1-7-5-4-8-6-0,0-2-1-4-5-6-7-8-3,10,4,9828,False,True,,22,2-5-0-7-4-1-8-3-6,870.0,False
reinicios,10,2,3-5-4-6-2-7-8-0-1,3-2-0-4-5-6-7-8-1,17,6,9834,False,True,,27,2-6-5-3-7-0-8-4-1,1044.0,False
reinicios,11,2,3-6-2-5-0-4-1-7-8,1-2-3-4-5-6-7-8-0,12,0,7104,True,False,24.0,16,1-3-0-4-2-6-7-5-8,683.0,False
reinicios,12,2,4-1-5-2-6-3-0-7-8,1-2-3-4-5-6-7-8-0,10,0,1033,True,False,32.0,18,4-1-5-7-8-2-0-6-3,85.0,False
reinicios,13,2,4-1-8-3-5-7-2-6-0,1-2-3-4-5-6-7-8-0,16,0,7214,True,False,32.0,24,1-3-8-5-2-7-4-6-0,804.0,False
reinicios,14,2,4-3-2-1-0-6-7-5-8,1-2-3-4-5-6-7-8-0,6,0,3428,True,False,30.0,18,4-1-0-7-6-3-5-2-8,326.0,False
reinicios,15,2,4-3-7-6-2-5-0-1-8,4-2-3-1-5-6-0-8-7,14,4,9826,False,True,,26,4-2-3-1-6-7-8-5-0,1025.0,False
reinicios,16,2,4-5-0-1-2-7-8-3-6,1-2-3-4-5-6-7-8-0,12,0,9447,True,False,32.0,22,1-4-2-8-7-3-0-6-5,956.0,False
reinicios,17,2,5-1-2-6-4-7-3-0-8,1-3-2-4-5-6-0-8-7,15,4,9826,False,True,,23,3-0-2-1-6-7-5-4-8,881.0,False
reinicios,18,2,5-1-7-8-6-3-2-4-0,1-2-7-4-5-6-0-8-3,16,6,9824,False,True,,24,5-1-7-2-8-6-0-4-3,846.0,False
reinicios,19,2,6-0-1-8-4-7-3-2-5,2-1-3-4-0-6-7-8-5,19,4,9834,False,True,,27,8-0-6-3-7-1-2-4-5,832.0,False
reinicios,20,2,6-3-7-5-1-4-8-2-0,1-6-3-5-2-0-4-8-7,16,7,9833,False,True,,24,0-6-3-1-2-7-5-4-8,1142.0,False
reinicios,21,2,6-8-2-3-1-5-4-0-7,1-2-3-4-5-6-7-8-0,15,0,1699,True,False,35.0,21,3-6-8-2-5-0-1-4-7,149.0,False
reinicios,22,2,7-0-8-6-3-2-1-4-5,1-2-3-4-5-6-7-8-0,17,0,981,True,False,35.0,23,6-0-3-2-7-8-1-4-5,86.0,False
reinicios,23,2,7-1-8-2-0-3-5-4-6,1-2-3-0-5-6-7-8-4,14,3,9823,False,True,,22,2-8-3-1-0-6-5-7-4,909.0,False
reinicios,24,2,7-3-2-1-0-6-8-5-4,1-2-3-0-5-6-7-8-4,10,3,9830,False,True,,22,0-7-3-2-1-6-8-5-4,1108.0,False
reinicios,25,2,7-8-3-4-1-2-0-5-6,1-2-3-8-4-6-7-5-0,10,4,9831,False,True,,22,8-1-3-7-2-6-0-4-5,1129.0,False
reinicios,26,2,8-1-2-3-6-0-7-5-4,1-2-3-8-4-6-7-5-0,13,4,9830,False,True,,23,8-1-2-7-4-3-5-0-6,911.0,False
reinicios,27,2,8-1-7-3-0-2-6-5-4,1-2-3-4-5-6-7-8-0,20,0,4303,True,False,36.0,22,1-6-8-5-3-7-0-4-2,441.0,False
reinicios,28,2,8-4-1-3-5-7-0-2-6,1-3-2-4-5-6-0-8-7,16,4,9825,False,True,,26,4-1-0-8-6-2-5-3-7,1021.0,False
reinicios,29,2,8-6-4-5-0-3-7-1-2,1-2-6-0-5-4-7-8-3,16,5,9825,False,True,,26,8-1-6-2-0-4-5-7-3,1044.0,False
reinicios,0,3,0-1-6-3-4-7-8-2-5,4-2-3-1-5-6-0-8-7,14,4,9829,False,True,,22,4-3-6-1-2-7-8-5-0,1004.0,False
reinicios,1,3,0-6-7-8-4-3-1-2-5,1-2-3-7-0-6-4-8-5,16,4,9826,False,True,,28,7-1-3-2-8-6-0-4-5,980.0,False
reinicios,2,3,1-0-3-2-7-4-8-5-6,1-2-3-4-5-6-7-8-0,9,0,2446,True,False,31.0,21,7-4-2-0-1-3-8-5-6,242.0,False
reinicios,3,3,1-6-8-3-5-0-4-7-2,1-2-3-4-5-6-7-8-0,13,0,1024,True,False,31.0,17,1-6-8-4-3-0-7-2-5,78.0,False
reinicios,4,3,1-7-4-8-2-3-0-6-5,1-2-3-4-5-6-7-8-0,14,0,468,True,False,32.0,20,7-4-3-8-1-5-0-2-6,37.0,False
reinicios,5,3,2-3-1-7-4-5-8-6-0,1-2-3-4-5-6-7-8-0,10,0,232,True,False,30.0,16,2-4-3-7-1-5-8-6-0,13.0,False
reinicios,6,3,2-7-1-6-4-8-0-3-5,1-2-3-4-5-6-7-8-0,16,0,5306,True,False,30.0,26,4-1-3-7-6-8-5-2-0,550.0,False
reinicios,7,3,2-8-4-6-1-3-0-5-7,2-1-3-5-4-6-7-8-0,14,4,9836,False,True,,22,2-3-0-6-1-8-5-7-4,999.0,False
reinicios,8,3,2-8-7-6-3-1-5-0-4,2-1-3-5-4-6-7-8-0,19,4,9835,False,True,,25,2-0-3-6-1-8-5-7-4,1018.0,False
reinicios,9,3,3-2-1-7-5-4-8-6-0,1-0-3-4-5-6-7-8-2,10,3,9826,False,True,,22,3-4-6-1-0-5-7-8-2,862.0,False
reinicios,10,3,3-5-4-6-2-7-8-0-1,1-2-3-4-6-5-8-7-0,17,4,9839,False,True,,27,4-1-2-0-6-3-8-7-5,1031.0,False
reinicios,11,3,3-6-2-5-0-4-1-7-8,1-0-3-4-5-6-7-8-2,12,3,9829,False,True,,16,5-3-0-1-4-6-7-8-2,952.0,False
reinicios,12,3,4-1-5-2-6-3-0-7-8,1-2-3-4-5-6-7-8-0,10,0,2946,True,False,30.0,18,1-3-6-5-0-8-4-2-7,245.0,False
reinicios,13,3,4-1-8-3-5-7-2-6-0,2-1-3-4-0-6-7-8-5,16,4,9836,False,True,,24,0-4-6-3-8-1-2-7-5,1146.0,False
reinicios,14,3,4-3-2-1-0-6-7-5-8,1-2-3-4-5-6-7-8-0,6,0,6700,True,False,30.0,18,0-3-6-1-2-8-4-7-5,668.0,False
reinicios,15,3,4-3-7-6-2-5-0-1-8,0-2-3-4-5-6-1-8-7,14,4,9825,False,True,,26,5-3-7-2-0-8-4-6-1,1055.0,False
reinicios,16,3,4-5-0-1-2-7-8-3-6,0-2-1-4-5-6-7-8-3,12,4,9823,False,True,,22,4-5-2-7-0-1-8-3-6,1050.0,False
reinicios,17,3,5-1-2-6-4-7-3-0-8,1-2-3-4-5-6-7-8-0,15,0,4458,True,False,31.0,23,5-1-2-6-3-0-4-7-8,421.0,False
reinicios,18,3,5-1-7-8-6-3-2-4-0,1-2-3-4-5-6-7-8-0,16,0,1582,True,False,30.0,24,8-1-3-2-0-5-4-7-6,136.0,False
reinicios,19,3,6-0-1-8-4-7-3-2-5,2-1-3-4-0-6-7-8-5,19,4,9838,False,True,,27,3-8-6-0-7-1-2-4-5,852.0,False
reinicios,20,3,6-3-7-5-1-4-8-2-0,1-2-3-4-6-5-0-8-7,16,4,9831,False,True,,24,6-1-3-2-8-5-0-4-7,1152.0,False
reinicios,21,3,6-8-2-3-1-5-4-0-7,1-3-2-4-0-6-7-8-5,15,4,9832,False,True,,21,8-1-2-0-3-6-4-7-5,847.0,False
reinicios,22,3,7-0-8-6-3-2-1-4-5,1-2-3-4-5-6-7-8-0,17,0,179,True,False,35.0,23,6-0-3-2-7-8-1-4-5,14.0,False
reinicios,23,3,7-1-8-2-0-3-5-4-6,1-2-3-0-5-6-7-8-4,14,3,9827,False,True,,22,7-1-3-8-0-6-5-2-4,957.0,False
reinicios,24,3,7-3-2-1-0-6-8-5-4,1-2-3-0-5-6-7-8-4,10,3,9826,False,True,,22,7-1-3-8-0-6-5-2-4,1106.0,False
reinicios,25,3,7-8-3-4-1-2-0-5-6,7-2-3-1-5-6-4-8-0,10,4,9826,False,True,,22,7-3-5-1-0-2-4-8-6,1160.0,False
reinicios,26,3,8-1-2-3-6-0-7-5-4,1-2-3-8-4-6-7-5-0,13,4,9829,False,True,,23,8-1-2-0-4-3-7-5-6,907.0,False
reinicios,27,3,8-1-7-3-0-2-6-5-4,1-2-3-8-5-4-7-0-6,20,5,9831,False,True,,22,8-1-2-7-0-3-6-5-4,980.0,False
reinicios,28,3,8-4-1-3-5-7-0-2-6,2-3-1-4-5-6-7-8-0,16,4,9823,False,True,,26,0-8-1-3-7-5-2-4-6,987.0,False
reinicios,29,3,8-6-4-5-0-3-7-1-2,1-2-3-4-5-7-0-8-6,16,4,9830,False,True,,26,4-1-3-8-0-7-5-2-6,1075.0,False
reinicios,0,4,0-1-6-3-4-7-8-2-5,1-2-3-4-5-6-7-8-0,14,0,4426,True,False,28.0,22,2-3-6-1-0-5-4-7-8,454.0,False
reinicios,1,4,0-6-7-8-4-3-1-2-5,8-2-3-4-5-6-1-7-0,16,6,9836,False,True,,28,8-6-0-4-3-7-1-2-5,954.0,False
reinicios,2,4,1-0-3-2-7-4-8-5-6,1-2-3-4-5-6-7-8-0,9,0,2255,True,False,35.0,21,7-4-2-8-1-0-5-6-3,213.0,False
reinicios,3,4,1-6-8-3-5-0-4-7-2,1-2-3-4-5-6-7-8-0,13,0,775,True,False,29.0,17,1-0-6-4-3-8-7-2-5,56.0,False
reinicios,4,4,1-7-4-8-2-3-0-6-5,1-2-3-4-5-6-7-8-0,14,0,281,True,False,30.0,20,2-4-3-7-1-5-8-6-0,28.0,False
reinicios,5,4,2-3-1-7-4-5-8-6-0,1-2-3-4-5-6-7-8-0,10,0,416,True,False,32.0,16,2-4-0-7-1-3-8-6-5,26.0,False
reinicios,6,4,2-7-1-6-4-8-0-3-5,1-8-3-4-5-2-7-0-6,16,5,9830,False,True,,26,4-1-8-7-0-3-6-5-2,968.0,False
reinicios,7,4,2-8-4-6-1-3-0-5-7,1-2-6-0-5-4-7-8-3,14,5,9828,False,True,,22,8-6-0-2-1-4-5-7-3,1048.0,False
reinicios,8,4,2-8-7-6-3-1-5-0-4,2-1-3-5-4-6-7-8-0,19,4,9835,False,True,,25,2-0-3-6-1-8-5-7-4,1000.0,False
reinicios,9,4,3-2-1-7-5-4-8-6-0,1-3-2-0-5-4-7-8-6,10,5,9831,False,True,,22,3-5-2-7-1-4-8-6-0,855.0,False
reinicios,10,4,3-5-4-6-2-7-8-0-1,1-3-4-0-5-6-7-8-2,17,7,9826,False,True,,27,3-5-4-0-8-6-1-7-2,1026.0,False
reinicios,11,4,3-6-2-5-0-4-1-7-8,1-2-3-4-5-6-7-8-0,12,0,5563,True,False,24.0,16,1-3-0-4-2-6-7-5-8,530.0,False
reinicios,12,4,4-1-5-2-6-3-0-7-8,1-2-3-4-5-6-7-8-0,10,0,6119,True,False,32.0,18,4-1-5-7-0-2-8-3-6,487.0,False
reinicios,13,4,4-1-8-3-5-7-2-6-0,2-1-3-4-0-6-7-8-5,16,4,9827,False,True,,24,0-4-6-3-8-1-2-7-5,1154.0,False
reinicios,14,4,4-3-2-1-0-6-7-5-8,1-2-3-4-5-6-7-8-0,6,0,3868,True,False,32.0,18,6-4-0-1-3-2-7-5-8,355.0,False
reinicios,15,4,4-3-7-6-2-5-0-1-8,4-2-3-1-5-6-8-7-0,14,4,9833,False,True,,26,4-2-0-1-7-3-8-6-5,1057.0,False
reinicios,16,4,4-5-0-1-2-7-8-3-6,4-2-3-1-5-6-8-7-0,12,4,9831,False,True,,22,4-7-2-1-0-3-8-6-5,1009.0,False
reinicios,17,4,5-1-2-6-4-7-3-0-8,1-3-2-4-5-6-0-8-7,15,4,9823,False,True,,23,5-1-2-3-6-7-4-0-8,915.0,False
reinicios,18,4,5-1-7-8-6-3-2-4-0,1-2-0-5-4-6-7-8-3,16,4,9825,False,True,,24,5-1-2-7-0-6-8-4-3,856.0,False
reinicios,19,4,6-0-1-8-4-7-3-2-5,2-1-3-4-0-6-7-8-5,19,4,9827,False,True,,27,8-0-6-3-7-1-2-4-5,827.0,False
reinicios,20,4,6-3-7-5-1-4-8-2-0,1-2-3-5-6-7-0-8-4,16,8,9825,False,True,,24,6-3-0-2-1-7-5-8-4,1164.0,False
reinicios,21,4,6-8-2-3-1-5-4-0-7,2-1-3-4-6-5-7-8-0,15,4,9823,False,True,,21,2-3-5-6-1-8-4-0-7,880.0,False
reinicios,22,4,7-0-8-6-3-2-1-4-5,1-2-3-4-5-6-7-8-0,17,0,519,True,False,35.0,23,6-0-3-2-7-8-1-4-5,41.0,False
reinicios,23,4,7-1-8-2-0-3-5-4-6,1-2-3-4-5-7-0-8-6,14,4,9830,False,True,,22,1-2-3-8-0-7-5-4-6,966.0,False
reinicios,24,4,7-3-2-1-0-6-8-5-4,1-2-3-0-5-6-7-8-4,10,3,9824,False,True,,22,5-1-3-7-2-6-0-8-4,1105.0,False
reinicios,25,4,7-8-3-4-1-2-0-5-6,1-2-3-8-4-6-7-5-0,10,4,9828,False,True,,22,8-1-3-7-2-6-0-4-5,1133.0,False
reinicios,26,4,8-1-2-3-6-0-7-5-4,1-2-3-8-4-6-7-5-0,13,4,9833,False,True,,23,8-0-2-7-1-3-5-4-6,916.0,False
reinicios,27,4,8-1-7-3-0-2-6-5-4,1-2-3-0-6-4-7-8-5,20,5,9830,False,True,,22,0-1-3-8-2-4-6-7-5,998.0,False
reinicios,28,4,8-4-1-3-5-7-0-2-6,1-2-3-4-5-6-7-8-0,16,0,420,True,False,40.0,26,8-7-5-3-0-4-2-1-6,37.0,False
reinicios,29,4,8-6-4-5-0-3-7-1-2,1-0-3-5-4-2-7-8-6,16,5,9831,False,True,,26,1-8-4-5-0-3-7-6-2,1054.0,False
reinicios,0,5,0-1-6-3-4-7-8-2-5,4-2-3-1-5-6-0-8-7,14,4,9825,False,True,,22,4-6-2-1-0-3-8-5-7,1041.0,False
reinicios,1,5,0-6-7-8-4-3-1-2-5,8-2-3-4-5-6-1-7-0,16,6,9826,False,True,,28,8-6-0-4-3-7-1-2-5,930.0,False
reinicios,2,5,1-0-3-2-7-4-8-5-6,1-2-3-4-5-6-7-8-0,9,0,8484,True,False,29.0,21,5-1-3-2-7-6-4-0-8,818.0,False
reinicios,3,5,1-6-8-3-5-0-4-7-2,1-2-3-4-5-6-7-8-0,13,0,1729,True,False,31.0,17,1-6-8-4-3-0-7-2-5,129.0,False
reinicios,4,5,1-7-4-8-2-3-0-6-5,1-2-3-4-5-6-7-8-0,14,0,1947,True,False,28.0,20,4-1-3-7-0-5-8-2-6,194.0,False
reinicios,5,5,2-3-1-7-4-5-8-6-0,1-2-3-4-5-6-7-8-0,10,0,1057,True,False,30.0,16,2-4-3-7-1-5-8-6-0,89.0,False
reinicios,6,5,2-7-1-6-4-8-0-3-5,1-8-3-4-5-2-7-0-6,16,5,9823,False,True,,26,4-1-8-7-0-3-6-5-2,989.0,False
reinicios,7,5,2-8-4-6-1-3-0-5-7,1-2-3-5-4-6-0-8-7,14,4,9839,False,True,,22,2-4-0-1-6-3-5-8-7,1022.0,False
reinicios,8,5,2-8-7-6-3-1-5-0-4,3-2-1-4-6-5-7-8-0,19,6,9823,False,True,,25,2-0-1-3-7-5-6-4-8,1034.0,False
reinicios,9,5,3-2-1-7-5-4-8-6-0,1-2-3-4-5-6-7-8-0,10,0,2960,True,False,26.0,22,2-3-0-1-4-5-7-8-6,268.0,False
reinicios,10,5,3-5-4-6-2-7-8-0-1,1-0-3-4-6-5-8-7-2,17,7,9834,False,True,,27,6-3-5-1-4-0-8-7-2,1032.0,False
reinicios,11,5,3-6-2-5-0-4-1-7-8,1-2-3-4-5-6-7-8-0,12,0,8258,True,False,34.0,16,5-3-6-2-0-8-4-1-7,779.0,False
reinicios,12,5,4-1-5-2-6-3-0-7-8,1-2-3-4-5-6-7-8-0,10,0,5564,True,False,32.0,18,4-1-5-7-8-2-0-6-3,453.0,False
reinicios,13,5,4-1-8-3-5-7-2-6-0,1-2-3-4-5-6-7-8-0,16,0,1617,True,False,28.0,24,1-2-3-5-0-8-4-6-7,174.0,False
reinicios,14,5,4-3-2-1-0-6-7-5-8,1-2-3-4-5-6-7-8-0,6,0,8219,True,False,32.0,18,3-4-6-1-0-8-7-2-5,783.0,False
reinicios,15,5,4-3-7-6-2-5-0-1-8,4-2-3-1-5-6-8-7-0,14,4,9823,False,True,,26,4-2-3-1-0-5-8-7-6,1080.0,False
reinicios,16,5,4-5-0-1-2-7-8-3-6,4-2-3-1-5-6-8-7-0,12,4,9823,False,True,,22,4-7-2-1-0-3-8-6-5,1038.0,False
reinicios,17,5,5-1-2-6-4-7-3-0-8,1-2-3-4-5-6-7-8-0,15,0,464,True,False,31.0,23,5-1-2-6-3-0-4-7-8,39.0,False
reinicios,18,5,5-1-7-8-6-3-2-4-0,1-2-5-4-0-6-7-8-3,16,4,9833,False,True,,24,8-1-5-2-7-6-0-4-3,854.0,False
reinicios,19,5,6-0-1-8-4-7-3-2-5,2-1-3-4-0-6-7-8-5,19,4,9838,False,True,,27,3-8-6-0-7-1-2-4-5,835.0,False
reinicios,20,5,6-3-7-5-1-4-8-2-0,1-2-3-4-5-6-7-8-0,16,0,6787,True,False,36.0,24,6-7-2-1-3-8-5-4-0,789.0,False
reinicios,21,5,6-8-2-3-1-5-4-0-7,1-3-2-4-6-5-7-8-0,15,4,9826,False,True,,21,6-0-2-3-1-5-4-7-8,891.0,False
reinicios,22,5,7-0-8-6-3-2-1-4-5,1-2-3-4-5-6-7-8-0,17,0,2289,True,False,37.0,23,3-6-8-1-7-0-2-4-5,193.0,False
reinicios,23,5,7-1-8-2-0-3-5-4-6,1-2-3-4-5-7-0-8-6,14,4,9833,False,True,,22,1-2-3-8-0-7-5-4-6,995.0,False
reinicios,24,5,7-3-2-1-0-6-8-5-4,3-1-2-4-5-6-7-8-0,10,4,9826,False,True,,22,3-1-2-7-0-5-8-4-6,1080.0,False
reinicios,25,5,7-8-3-4-1-2-0-5-6,7-2-3-1-5-6-4-8-0,10,4,9832,False,True,,22,7-3-5-1-8-2-4-6-0,1165.0,False
reinicios,26,5,8-1-2-3-6-0-7-5-4,1-2-3-4-5-6-7-8-0,13,0,536,True,False,29.0,23,1-5-2-7-4-0-8-6-3,48.0,False
reinicios,27,5,8-1-7-3-0-2-6-5-4,1-2-0-4-5-6-8-7-3,20,4,9841,False,True,,22,1-7-5-8-4-2-3-6-0,1003.0,False
reinicios,28,5,8-4-1-3-5-7-0-2-6,1-3-2-4-5-6-0-8-7,16,4,9826,False,True,,26,0-4-1-8-6-2-5-3-7,989.0,False
reinicios,29,5,8-6-4-5-0-3-7-1-2,1-2-6-0-5-4-7-8-3,16,5,9823,False,True,,26,8-1-6-2-0-4-5-7-3,1071.0,False
reinicios,0,6,0-1-6-3-4-7-8-2-5,1-2-3-8-5-6-4-7-0,14,4,9835,False,True,,22,1-6-0-8-3-7-4-2-5,996.0,False
reinicios,1,6,0-6-7-8-4-3-1-2-5,1-2-3-0-6-4-7-8-5,16,5,9824,False,True,,28,6-3-0-7-1-4-8-2-5,952.0,False
reinicios,2,6,1-0-3-2-7-4-8-5-6,1-2-3-4-5-6-7-8-0,9,0,3730,True,False,31.0,21,7-4-2-0-1-3-8-5-6,370.0,False
reinicios,3,6,1-6-8-3-5-0-4-7-2,1-2-3-4-5-6-7-8-0,13,0,801,True,False,29.0,17,1-3-6-0-4-8-7-2-5,70.0,False
reinicios,4,6,1-7-4-8-2-3-0-6-5,1-2-3-4-5-6-7-8-0,14,0,1257,True,False,32.0,20,7-4-3-8-1-5-0-2-6,132.0,False
reinicios,5,6,2-3-1-7-4-5-8-6-0,1-2-3-4-5-6-7-8-0,10,0,207,True,False,32.0,16,2-4-0-7-1-3-8-6-5,20.0,False
reinicios,6,6,2-7-1-6-4-8-0-3-5,2-1-3-4-5-6-0-8-7,16,4,9828,False,True,,26,2-3-0-5-1-7-4-6-8,993.0,False
reinicios,7,6,2-8-4-6-1-3-0-5-7,1-2-3-6-4-5-7-8-0,14,4,9833,False,True,,22,2-4-3-1-0-5-6-7-8,1020.0,False
reinicios,8,6,2-8-7-6-3-1-5-0-4,2-1-3-5-4-6-7-8-0,19,4,9824,False,True,,25,2-3-8-6-1-0-5-7-4,998.0,False
reinicios,9,6,3-2-1-7-5-4-8-6-0,0-2-3-4-5-1-7-8-6,10,4,9838,False,True,,22,5-4-3-2-0-1-7-8-6,879.0,False
reinicios,10,6,3-5-4-6-2-7-8-0-1,2-1-3-6-5-4-7-8-0,17,6,9827,False,True,,27,2-3-4-5-1-0-6-7-8,1048.0,False
reinicios,11,6,3-6-2-5-0-4-1-7-8,1-0-3-4-5-6-7-8-2,12,3,9828,False,True,,16,3-4-6-1-0-5-7-8-2,937.0,False
reinicios,12,6,4-1-5-2-6-3-0-7-8,1-2-3-4-5-6-7-8-0,10,0,8033,True,False,32.0,18,4-1-5-7-0-2-8-3-6,647.0,False
reinicios,13,6,4-1-8-3-5-7-2-6-0,2-3-1-4-5-6-7-8-0,16,4,9830,False,True,,24,0-4-1-3-6-8-2-7-5,1127.0,False
reinicios,14,6,4-3-2-1-0-6-7-5-8,1-2-3-4-5-6-7-8-0,6,0,1363,True,False,34.0,18,6-4-2-1-3-8-0-7-5,126.0,False
reinicios,15,6,4-3-7-6-2-5-0-1-8,4-2-3-1-5-6-0-8-7,14,4,9828,False,True,,26,4-2-3-1-6-7-8-5-0,1071.0,False
reinicios,16,6,4-5-0-1-2-7-8-3-6,4-2-3-1-5-6-8-7-0,12,4,9836,False,True,,22,4-3-5-1-7-2-8-6-0,1033.0,False
reinicios,17,6,5-1-2-6-4-7-3-0-8,1-3-2-4-5-6-0-8-7,15,4,9823,False,True,,23,5-1-2-3-6-0-4-8-7,906.0,False
reinicios,18,6,5-1-7-8-6-3-2-4-0,1-2-7-4-5-6-0-8-3,16,6,9829,False,True,,24,0-1-7-5-2-6-4-8-3,843.0,False
reinicios,19,6,6-0-1-8-4-7-3-2-5,2-1-3-4-0-6-7-8-5,19,4,9829,False,True,,27,8-0-6-3-7-1-2-4-5,839.0,False
reinicios,20,6,6-3-7-5-1-4-8-2-0,1-0-3-7-5-4-8-2-6,16,7,9841,False,True,,24,7-5-1-8-0-3-2-6-4,1120.0,False
reinicios,21,6,6-8-2-3-1-5-4-0-7,1-2-3-4-5-6-7-8-0,15,0,423,True,False,29.0,21,1-0-3-6-2-8-4-7-5,42.0,False
reinicios,22,6,7-0-8-6-3-2-1-4-5,1-2-3-4-5-6-7-8-0,17,0,578,True,False,33.0,23,2-6-3-0-7-8-1-4-5,51.0,False
reinicios,23,6,7-1-8-2-0-3-5-4-6,1-2-3-0-5-6-7-8-4,14,3,9832,False,True,,22,2-8-3-1-0-6-5-7-4,959.0,False
reinicios,24,6,7-3-2-1-0-6-8-5-4,1-2-3-0-5-6-7-8-4,10,3,9824,False,True,,22,7-1-3-8-2-6-0-5-4,1135.0,False
reinicios,25,6,7-8-3-4-1-2-0-5-6,7-2-3-1-5-6-4-8-0,10,4,9826,False,True,,22,7-3-5-1-0-2-4-8-6,1174.0,False
reinicios,26,6,8-1-2-3-6-0-7-5-4,1-2-3-8-4-6-7-5-0,13,4,9827,False,True,,23,8-1-2-0-4-3-7-5-6,926.0,False
reinicios,27,6,8-1-7-3-0-2-6-5-4,1-3-2-5-4-6-7-8-0,20,4,9831,False,True,,22,1-3-2-6-0-8-5-7-4,989.0,False
reinicios,28,6,8-4-1-3-5-7-0-2-6,0-2-1-4-5-6-7-8-3,16,4,9823,False,True,,26,5-8-0-2-7-1-4-3-6,1007.0,False
reinicios,29,6,8-6-4-5-0-3-7-1-2,1-0-3-5-4-2-7-8-6,16,5,9830,False,True,,26,0-1-4-5-8-3-7-6-2,1060.0,False
reinicios,0,7,0-1-6-3-4-7-8-2-5,4-2-3-1-5-6-0-8-7,14,4,9824,False,True,,22,4-6-0-1-3-2-8-5-7,1026.0,False
reinicios,1,7,0-6-7-8-4-3-1-2-5,0-2-3-4-8-6-1-7-5,16,6,9826,False,True,,28,8-7-3-2-0-6-4-1-5,958.0,False
reinicios,2,7,1-0-3-2-7-4-8-5-6,1-2-3-4-5-6-7-8-0,9,0,7331,True,False,35.0,21,7-4-2-8-1-0-5-6-3,705.0,False
reinicios,3,7,1-6-8-3-5-0-4-7-2,1-2-3-4-5-6-7-8-0,13,0,137,True,False,31.0,17,1-6-8-4-3-0-7-2-5,8.0,False
reinicios,4,7,1-7-4-8-2-3-0-6-5,1-2-3-4-5-6-7-8-0,14,0,1282,True,False,34.0,20,0-4-3-7-1-8-6-2-5,113.0,False
reinicios,5,7,2-3-1-7-4-5-8-6-0,1-2-3-4-5-6-7-8-0,10,0,518,True,False,30.0,16,4-1-5-3-0-2-7-8-6,34.0,False
reinicios,6,7,2-7-1-6-4-8-0-3-5,0-2-1-4-5-3-7-6-8,16,6,9823,False,True,,26,0-4-1-7-2-3-6-5-8,987.0,False
reinicios,7,7,2-8-4-6-1-3-0-5-7,1-2-3-4-5-6-7-8-0,14,0,2375,True,False,34.0,22,2-3-0-1-7-8-6-4-5,255.0,False
reinicios,8,7,2-8-7-6-3-1-5-0-4,0-2-3-4-5-6-7-1-8,19,4,9824,False,True,,25,3-6-8-2-7-0-5-4-1,1013.0,False
reinicios,9,7,3-2-1-7-5-4-8-6-0,0-2-3-4-5-1-7-8-6,10,4,9825,False,True,,22,5-4-3-2-8-1-0-7-6,900.0,False
reinicios,10,7,3-5-4-6-2-7-8-0-1,1-2-3-0-5-6-7-8-4,17,3,9827,False,True,,27,2-6-5-8-3-0-1-7-4,1049.0,False
reinicios,11,7,3-6-2-5-0-4-1-7-8,1-0-3-4-5-6-7-8-2,12,3,9839,False,True,,16,3-4-6-1-0-5-7-8-2,960.0,False
reinicios,12,7,4-1-5-2-6-3-0-7-8,1-2-3-4-5-6-7-8-0,10,0,6731,True,False,26.0,18,4-1-3-2-0-5-7-8-6,570.0,False
reinicios,13,7,4-1-8-3-5-7-2-6-0,2-3-1-4-5-6-7-8-0,16,4,9827,False,True,,24,3-4-1-2-6-8-7-5-0,1112.0,False
reinicios,14,7,4-3-2-1-0-6-7-5-8,1-2-3-4-5-6-7-8-0,6,0,139,True,False,34.0,18,3-4-6-2-0-8-1-7-5,12.0,False
reinicios,15,7,4-3-7-6-2-5-0-1-8,1-2-5-4-6-3-7-8-0,14,4,9826,False,True,,26,2-4-5-7-1-3-0-6-8,1053.0,False
reinicios,16,7,4-5-0-1-2-7-8-3-6,1-2-3-4-5-6-7-8-0,12,0,2528,True,False,32.0,22,0-4-2-1-7-3-8-6-5,271.0,False
reinicios,17,7,5-1-2-6-4-7-3-0-8,1-3-2-4-5-6-0-8-7,15,4,9824,False,True,,23,5-0-2-3-1-6-4-8-7,900.0,False
reinicios,18,7,5-1-7-8-6-3-2-4-0,1-2-3-5-4-6-0-8-7,16,4,9825,False,True,,24,1-3-6-5-2-7-8-4-0,843.0,False
reinicios,19,7,6-0-1-8-4-7-3-2-5,2-1-3-4-0-6-7-8-5,19,4,9833,False,True,,27,3-8-6-0-7-1-2-4-5,821.0,False
reinicios,20,7,6-3-7-5-1-4-8-2-0,1-2-3-4-5-6-7-8-0,16,0,5024,True,False,36.0,24,6-7-0-1-3-2-5-4-8,581.0,False
reinicios,21,7,6-8-2-3-1-5-4-0-7,1-2-3-4-5-6-7-8-0,15,0,5244,True,False,31.0,21,1-3-8-6-2-0-4-7-5,444.0,False
reinicios,22,7,7-0-8-6-3-2-1-4-5,1-2-3-4-5-6-7-8-0,17,0,1559,True,False,37.0,23,6-3-8-2-7-0-1-4-5,150.0,False
reinicios,23,7,7-1-8-2-0-3-5-4-6,1-2-3-0-5-6-7-8-4,14,3,9825,False,True,,22,2-7-3-8-1-6-0-5-4,975.0,False
reinicios,24,7,7-3-2-1-0-6-8-5-4,1-2-3-0-5-6-7-8-4,10,3,9828,False,True,,22,7-1-3-8-0-6-5-2-4,1136.0,False
reinicios,25,7,7-8-3-4-1-2-0-5-6,1-2-3-8-4-6-7-5-0,10,4,9830,False,True,,22,8-1-3-7-2-6-0-4-5,1161.0,False
reinicios,26,7,8-1-2-3-6-0-7-5-4,1-2-3-8-4-6-7-5-0,13,4,9824,False,True,,23,8-1-2-7-4-3-5-0-6,909.0,False
reinicios,27,7,8-1-7-3-0-2-6-5-4,1-2-3-4-6-5-0-8-7,20,4,9838,False,True,,22,1-2-3-8-0-5-6-4-7,995.0,False
reinicios,28,7,8-4-1-3-5-7-0-2-6,1-0-3-4-5-6-8-2-7,16,5,9828,False,True,,26,0-4-5-8-1-3-2-6-7,1032.0,False
reinicios,29,7,8-6-4-5-0-3-7-1-2,1-2-6-0-5-4-7-8-3,16,5,9829,False,True,,26,8-1-6-2-0-4-5-7-3,1068.0,False
reinicios,0,8,0-1-6-3-4-7-8-2-5,4-2-3-1-5-6-0-8-7,14,4,9828,False,True,,22,4-6-0-1-3-2-8-5-7,1055.0,False
reinicios,1,8,0-6-7-8-4-3-1-2-5,0-2-3-4-8-6-1-7-5,16,6,9823,False,True,,28,8-7-3-2-0-6-4-1-5,945.0,False
reinicios,2,8,1-0-3-2-7-4-8-5-6,1-2-3-4-5-6-7-8-0,9,0,918,True,False,29.0,21,2-3-5-0-1-4-7-8-6,86.0,False
reinicios,3,8,1-6-8-3-5-0-4-7-2,1-2-3-4-5-6-7-8-0,13,0,340,True,False,29.0,17,1-0-6-4-3-8-7-2-5,26.0,False
reinicios,4,8,1-7-4-8-2-3-0-6-5,1-2-3-4-5-6-7-8-0,14,0,531,True,False,32.0,20,1-4-2-8-7-3-0-6-5,45.0,False
reinicios,5,8,2-3-1-7-4-5-8-6-0,1-2-3-4-5-6-7-8-0,10,0,316,True,False,30.0,16,2-4-3-7-1-5-8-6-0,21.0,False
reinicios,6,8,2-7-1-6-4-8-0-3-5,1-2-0-4-5-6-7-3-8,16,4,9824,False,True,,26,0-4-1-7-6-2-3-5-8,948.0,False
reinicios,7,8,2-8-4-6-1-3-0-5-7,1-2-3-5-4-6-0-8-7,14,4,9824,False,True,,22,2-4-3-1-0-6-5-8-7,1025.0,False
reinicios,8,8,2-8-7-6-3-1-5-0-4,2-1-3-5-4-6-7-8-0,19,4,9827,False,True,,25,2-3-8-6-1-0-5-7-4,993.0,False
reinicios,9,8,3-2-1-7-5-4-8-6-0,1-3-2-4-0-6-7-8-5,10,4,9834,False,True,,22,3-4-2-7-1-6-0-8-5,914.0,False
reinicios,10,8,3-5-4-6-2-7-8-0-1,1-0-3-4-5-6-7-8-2,17,3,9834,False,True,,27,3-4-6-1-8-5-7-0-2,1039.0,False
reinicios,11,8,3-6-2-5-0-4-1-7-8,1-0-3-4-5-6-7-8-2,12,3,9830,False,True,,16,5-3-0-1-4-6-7-8-2,923.0,False
reinicios,12,8,4-1-5-2-6-3-0-7-8,1-2-3-4-5-6-7-8-0,10,0,1356,True,False,28.0,18,2-5-0-1-6-3-4-7-8,113.0,False
reinicios,13,8,4-1-8-3-5-7-2-6-0,2-3-1-4-5-6-7-8-0,16,4,9825,False,True,,24,0-4-1-3-6-8-2-7-5,1120.0,False
reinicios,14,8,4-3-2-1-0-6-7-5-8,4-3-2-1-5-6-7-8-0,6,4,9834,False,True,,18,4-3-2-1-0-6-7-5-8,941.0,False
reinicios,15,8,4-3-7-6-2-5-0-1-8,0-2-3-4-5-6-1-8-7,14,4,9831,False,True,,26,0-4-6-5-3-7-1-2-8,1070.0,False
reinicios,16,8,4-5-0-1-2-7-8-3-6,4-2-3-1-5-6-8-7-0,12,4,9824,False,True,,22,4-7-2-1-0-3-8-6-5,1010.0,False
reinicios,17,8,5-1-2-6-4-7-3-0-8,1-3-2-4-5-6-0-8-7,15,4,9829,False,True,,23,1-0-2-5-3-7-4-6-8,882.0,False
reinicios,18,8,5-1-7-8-6-3-2-4-0,1-2-6-4-5-8-7-0-3,16,5,9841,False,True,,24,5-1-6-2-7-8-0-4-3,812.0,False
reinicios,19,8,6-0-1-8-4-7-3-2-5,2-1-3-4-0-6-7-8-5,19,4,9826,False,True,,27,8-0-6-3-7-1-2-4-5,827.0,False
reinicios,20,8,6-3-7-5-1-4-8-2-0,1-2-3-4-5-6-7-8-0,16,0,1129,True,False,36.0,24,6-7-2-1-3-8-5-4-0,134.0,False
reinicios,21,8,6-8-2-3-1-5-4-0-7,1-2-3-4-5-6-7-8-0,15,0,95,True,False,33.0,21,3-6-8-1-4-0-7-2-5,5.0,False
reinicios,22,8,7-0-8-6-3-2-1-4-5,1-2-3-4-5-6-7-8-0,17,0,2997,True,False,35.0,23,6-0-3-2-7-8-1-4-5,267.0,False
reinicios,23,8,7-1-8-2-0-3-5-4-6,1-2-3-0-5-6-7-8-4,14,3,9824,False,True,,22,2-7-3-1-0-6-8-5-4,989.0,False
reinicios,24,8,7-3-2-1-0-6-8-5-4,3-1-2-4-5-6-7-8-0,10,4,9839,False,True,,22,3-1-2-8-7-5-0-4-6,1079.0,False
reinicios,25,8,7-8-3-4-1-2-0-5-6,1-3-2-4-0-6-7-8-5,10,4,9827,False,True,,22,1-3-2-8-0-6-4-7-5,1157.0,False
reinicios,26,8,8-1-2-3-6-0-7-5-4,1-2-3-8-4-6-7-5-0,13,4,9832,False,True,,23,8-1-2-7-4-3-5-0-6,930.0,False
reinicios,27,8,8-1-7-3-0-2-6-5-4,1-2-0-3-5-6-4-7-8,20,6,9834,False,True,,22,5-7-2-1-6-8-3-4-0,1032.0,False
reinicios,28,8,8-4-1-3-5-7-0-2-6,1-0-3-4-5-6-8-2-7,16,5,9838,False,True,,26,4-1-5-8-0-3-2-6-7,1011.0,False
reinicios,29,8,8-6-4-5-0-3-7-1-2,1-8-3-4-5-2-7-0-6,16,5,9826,False,True,,26,5-4-8-1-0-3-7-6-2,1059.0,False
reinicios,0,9,0-1-6-3-4-7-8-2-5,1-0-3-4-5-6-7-8-2,14,3,9823,False,True,,22,3-4-6-1-0-5-7-8-2,1030.0,False
reinicios,1,9,0-6-7-8-4-3-1-2-5,8-2-3-4-5-6-1-7-0,16,6,9828,False,True,,28,8-6-0-4-3-7-1-2-5,958.0,False
reinicios,2,9,1-0-3-2-7-4-8-5-6,1-2-3-4-5-6-7-8-0,9,0,2857,True,False,31.0,21,2-3-5-7-1-4-8-0-6,280.0,False
reinicios,3,9,1-6-8-3-5-0-4-7-2,1-2-3-4-5-6-7-8-0,13,0,5323,True,False,31.0,17,1-6-8-4-3-0-7-2-5,443.0,False
reinicios,4,9,1-7-4-8-2-3-0-6-5,1-2-3-4-5-6-7-8-0,14,0,962,True,False,30.0,20,2-4-3-7-1-5-8-6-0,87.0,False
reinicios,5,9,2-3-1-7-4-5-8-6-0,1-2-3-4-5-6-7-8-0,10,0,1535,True,False,30.0,16,2-4-3-7-1-5-8-6-0,123.0,False
reinicios,6,9,2-7-1-6-4-8-0-3-5,2-1-3-4-5-6-0-8-7,16,4,9823,False,True,,26,2-3-7-5-1-8-4-6-0,1001.0,False
reinicios,7,9,2-8-4-6-1-3-0-5-7,2-1-3-5-4-6-7-8-0,14,4,9826,False,True,,22,2-3-0-6-1-8-5-7-4,995.0,False
reinicios,8,9,2-8-7-6-3-1-5-0-4,2-1-3-5-4-6-7-8-0,19,4,9825,False,True,,25,2-3-8-6-1-0-5-7-4,1020.0,False
reinicios,9,9,3-2-1-7-5-4-8-6-0,1-2-3-4-5-6-7-8-0,10,0,1734,True,False,30.0,22,2-3-5-7-1-4-0-8-6,161.0,False
reinicios,10,9,3-5-4-6-2-7-8-0-1,2-1-3-0-6-4-7-5-8,17,7,9829,False,True,,27,2-3-4-7-1-0-5-6-8,1074.0,False
reinicios,11,9,3-6-2-5-0-4-1-7-8,1-0-3-4-5-6-7-8-2,12,3,9823,False,True,,16,3-6-0-1-4-5-7-8-2,963.0,False
reinicios,12,9,4-1-5-2-6-3-0-7-8,1-2-3-4-5-6-7-8-0,10,0,5634,True,False,32.0,18,4-1-5-7-0-2-8-3-6,460.0,False
reinicios,13,9,4-1-8-3-5-7-2-6-0,2-3-1-4-5-6-7-8-0,16,4,9828,False,True,,24,3-4-1-2-6-8-0-7-5,1099.0,False
reinicios,14,9,4-3-2-1-0-6-7-5-8,1-2-3-4-5-6-7-8-0,6,0,999,True,False,30.0,18,1-4-2-7-0-3-8-6-5,98.0,False
reinicios,15,9,4-3-7-6-2-5-0-1-8,4-2-3-1-5-6-8-7-0,14,4,9826,False,True,,26,4-2-3-1-0-5-8-7-6,1038.0,False
reinicios,16,9,4-5-0-1-2-7-8-3-6,1-2-5-4-0-6-7-8-3,12,4,9837,False,True,,22,1-2-5-7-4-6-0-8-3,1009.0,False
reinicios,17,9,5-1-2-6-4-7-3-0-8,1-3-2-4-5-6-0-8-7,15,4,9824,False,True,,23,5-1-2-0-3-7-4-6-8,901.0,False
reinicios,18,9,5-1-7-8-6-3-2-4-0,1-2-7-4-5-6-0-8-3,16,6,9824,False,True,,24,5-1-7-2-8-6-0-4-3,833.0,False
reinicios,19,9,6-0-1-8-4-7-3-2-5,2-1-3-4-0-6-7-8-5,19,4,9835,False,True,,27,3-8-6-0-7-1-2-4-5,842.0,False
reinicios,20,9,6-3-7-5-1-4-8-2-0,1-4-3-0-5-2-7-8-6,16,5,9824,False,True,,24,7-1-4-8-0-3-6-5-2,1137.0,False
reinicios,21,9,6-8-2-3-1-5-4-0-7,1-2-3-4-5-6-7-8-0,15,0,9099,True,False,29.0,21,1-3-6-0-2-8-4-7-5,825.0,False
reinicios,22,9,7-0-8-6-3-2-1-4-5,1-2-3-4-5-6-7-8-0,17,0,1657,True,False,31.0,23,1-3-8-6-2-0-4-7-5,143.0,False
reinicios,23,9,7-1-8-2-0-3-5-4-6,1-2-3-4-5-7-0-8-6,14,4,9826,False,True,,22,2-3-0-1-8-7-5-4-6,980.0,False
reinicios,24,9,7-3-2-1-0-6-8-5-4,1-2-3-0-5-6-7-8-4,10,3,9825,False,True,,22,7-1-3-8-0-6-5-2-4,1116.0,False
reinicios,25,9,7-8-3-4-1-2-0-5-6,1-3-2-4-0-6-7-8-5,10,4,9824,False,True,,22,1-3-2-7-0-6-8-4-5,1144.0,False
reinicios,26,9,8-1-2-3-6-0-7-5-4,1-2-3-8-4-6-7-5-0,13,4,9825,False,True,,23,8-1-2-0-4-3-7-5-6,873.0,False
reinicios,27,9,8-1-7-3-0-2-6-5-4,1-2-0-4-5-6-8-7-3,20,4,9823,False,True,,22,1-7-5-8-4-2-3-6-0,988.0,False
reinicios,28,9,8-4-1-3-5-7-0-2-6,2-1-3-4-0-6-7-8-5,16,4,9825,False,True,,26,0-8-6-3-7-1-2-4-5,1005.0,False
reinicios,29,9,8-6-4-5-0-3-7-1-2,1-2-6-0-5-4-7-8-3,16,5,9828,False,True,,26,5-8-6-2-0-4-1-7-3,1051.0,False
temple_actividad,0,0,0-1-6-3-4-7-8-2-5,1-2-3-4-5-6-7-8-0,14,0,4257,True,False,3834.0,22,,,
temple_actividad,1,0,0-6-7-8-4-3-1-2-5,1-2-3-4-5-6-7-8-0,16,0,4834,True,False,4326.0,28,,,
temple_actividad,2,0,1-0-3-2-7-4-8-5-6,0-2-3-1-5-6-7-8-4,9,4,9823,False,True,,21,,,
temple_actividad,3,0,1-6-8-3-5-0-4-7-2,1-2-3-4-5-6-7-8-0,13,0,6047,True,False,5175.0,17,,,
temple_actividad,4,0,1-7-4-8-2-3-0-6-5,1-2-3-4-5-6-7-8-0,14,0,6454,True,False,5510.0,20,,,
temple_actividad,5,0,2-3-1-7-4-5-8-6-0,1-3-2-4-5-6-0-8-7,10,4,9823,False,True,,16,,,
temple_actividad,6,0,2-7-1-6-4-8-0-3-5,1-2-3-4-5-6-7-8-0,16,0,5404,True,False,4740.0,26,,,
temple_actividad,7,0,2-8-4-6-1-3-0-5-7,1-2-3-4-5-6-7-8-0,14,0,8579,True,False,6600.0,22,,,
temple_actividad,8,0,2-8-7-6-3-1-5-0-4,1-2-3-4-5-6-7-8-0,19,0,5814,True,False,5079.0,25,,,
temple_actividad,9,0,3-2-1-7-5-4-8-6-0,1-2-3-4-5-6-7-8-0,10,0,5277,True,False,4608.0,22,,,
temple_actividad,10,0,3-5-4-6-2-7-8-0-1,1-2-3-4-5-6-7-8-0,17,0,6192,True,False,5325.0,27,,,
temple_actividad,11,0,3-6-2-5-0-4-1-7-8,1-2-3-4-5-6-7-8-0,12,0,7163,True,False,5878.0,16,,,
temple_actividad,12,0,4-1-5-2-6-3-0-7-8,1-2-3-4-5-6-7-8-0,10,0,3560,True,False,3212.0,18,,,
temple_actividad,13,0,4-1-8-3-5-7-2-6-0,1-2-3-4-5-6-7-8-0,16,0,6817,True,False,5686.0,24,,,
temple_actividad,14,0,4-3-2-1-0-6-7-5-8,1-2-5-4-0-6-7-8-3,6,4,9823,False,True,,18,,,
temple_actividad,15,0,4-3-7-6-2-5-0-1-8,1-5-2-4-0-3-7-8-6,14,4,9823,False,True,,26,,,
temple_actividad,16,0,4-5-0-1-2-7-8-3-6,1-2-3-4-5-6-7-8-0,12,0,6314,True,False,5368.0,22,,,
temple_actividad,17,0,5-1-2-6-4-7-3-0-8,1-2-3-4-5-6-7-8-0,15,0,6477,True,False,5523.0,23,,,
temple_actividad,18,0,5-1-7-8-6-3-2-4-0,1-2-3-4-5-6-7-8-0,16,0,8525,True,False,6632.0,24,,,
temple_actividad,19,0,6-0-1-8-4-7-3-2-5,1-2-3-4-5-6-7-8-0,19,0,6994,True,False,5809.0,27,,,
temple_actividad,20,0,6-3-7-5-1-4-8-2-0,1-2-3-4-5-6-7-8-0,16,0,2329,True,False,2158.0,24,,,
temple_actividad,21,0,6-8-2-3-1-5-4-0-7,1-2-3-4-5-6-7-8-0,15,0,8774,True,False,6719.0,21,,,
temple_actividad,22,0,7-0-8-6-3-2-1-4-5,1-0-3-4-5-6-7-8-2,17,3,9823,False,True,,23,,,
temple_actividad,23,0,7-1-8-2-0-3-5-4-6,1-2-3-4-5-6-7-8-0,14,0,6832,True,False,5718.0,22,,,
temple_actividad,24,0,7-3-2-1-0-6-8-5-4,5-1-3-4-2-6-7-8-0,10,4,9823,False,True,,22,,,
temple_actividad,25,0,7-8-3-4-1-2-0-5-6,1-5-6-4-2-3-7-8-0,10,4,9823,False,True,,22,,,
temple_actividad,26,0,8-1-2-3-6-0-7-5-4,1-2-3-4-5-6-7-8-0,13,0,4944,True,False,4421.0,23,,,
temple_actividad,27,0,8-1-7-3-0-2-6-5-4,4-5-3-1-2-6-7-8-0,20,4,9823,False,True,,22,,,
temple_actividad,28,0,8-4-1-3-5-7-0-2-6,1-2-3-4-5-6-7-8-0,16,0,5861,True,False,5080.0,26,,,
temple_actividad,29,0,8-6-4-5-0-3-7-1-2,1-2-3-4-5-6-7-8-0,16,0,7635,True,False,6174.0,26,,,
temple_actividad,0,1,0-1-6-3-4-7-8-2-5,1-2-3-4-5-6-7-8-0,14,0,4109,True,False,3692.0,22,,,
temple_actividad,1,1,0-6-7-8-4-3-1-2-5,1-2-3-4-5-6-7-8-0,16,0,5479,True,False,4786.0,28,,,
temple_actividad,2,1,1-0-3-2-7-4-8-5-6,1-2-3-4-5-6-7-8-0,9,0,6636,True,False,5605.0,21,,,
temple_actividad,3,1,1-6-8-3-5-0-4-7-2,1-2-3-4-5-6-7-8-0,13,0,7308,True,False,6053.0,17,,,
temple_actividad,4,1,1-7-4-8-2-3-0-6-5,1-2-3-4-5-6-7-8-0,14,0,7933,True,False,6284.0,20,,,
temple_actividad,5,1,2-3-1-7-4-5-8-6-0,1-2-3-0-4-5-7-8-6,10,3,9823,False,True,,16,,,
temple_actividad,6,1,2-7-1-6-4-8-0-3-5,1-5-0-4-2-6-7-8-3,16,4,9823,False,True,,26,,,
temple_actividad,7,1,2-8-4-6-1-3-0-5-7,1-2-3-4-5-6-7-8-0,14,0,5847,True,False,5064.0,22,,,
temple_actividad,8,1,2-8-7-6-3-1-5-0-4,1-2-3-4-5-6-7-8-0,19,0,7262,True,False,6007.0,25,,,
temple_actividad,9,1,3-2-1-7-5-4-8-6-0,1-2-3-0-5-6-7-8-4,10,3,9823,False,True,,22,,,
temple_actividad,10,1,3-5-4-6-2-7-8-0-1,1-2-3-4-0-6-7-5-8,17,2,9823,False,True,,27,,,
temple_actividad,11,1,3-6-2-5-0-4-1-7-8,1-2-3-4-5-6-7-8-0,12,0,8013,True,False,6370.0,16,,,
temple_actividad,12,1,4-1-5-2-6-3-0-7-8,1-2-3-4-5-6-7-8-0,10,0,6738,True,False,5660.0,18,,,
temple_actividad,13,1,4-1-8-3-5-7-2-6-0,1-2-3-4-0-6-7-5-8,16,2,9823,False,True,,24,,,
temple_actividad,14,1,4-3-2-1-0-6-7-5-8,1-2-3-4-5-6-7-8-0,6,0,5120,True,False,4492.0,18,,,
temple_actividad,15,1,4-3-7-6-2-5-0-1-8,1-0-3-4-5-6-7-8-2,14,3,9823,False,True,,26,,,
temple_actividad,16,1,4-5-0-1-2-7-8-3-6,1-4-3-5-2-6-7-8-0,12,4,9823,False,True,,22,,,
temple_actividad,17,1,5-1-2-6-4-7-3-0-8,1-2-0-5-4-6-7-8-3,15,4,9823,False,True,,23,,,
temple_actividad,18,1,5-1-7-8-6-3-2-4-0,1-2-3-4-5-6-7-8-0,16,0,5698,True,False,4952.0,24,,,
temple_actividad,19,1,6-0-1-8-4-7-3-2-5,1-2-3-4-5-6-7-8-0,19,0,6368,True,False,5447.0,27,,,
temple_actividad,20,1,6-3-7-5-1-4-8-2-0,1-2-3-4-5-6-7-8-0,16,0,3871,True,False,3494.0,24,,,
temple_actividad,21,1,6-8-2-3-1-5-4-0-7,1-2-3-4-5-6-7-8-0,15,0,5755,True,False,5027.0,21,,,
temple_actividad,22,1,7-0-8-6-3-2-1-4-5,1-2-3-4-5-6-7-8-0,17,0,6185,True,False,5327.0,23,,,
temple_actividad,23,1,7-1-8-2-0-3-5-4-6,1-2-3-4-7-6-0-8-5,14,4,9823,False,True,,22,,,
temple_actividad,24,1,7-3-2-1-0-6-8-5-4,1-2-3-4-5-6-7-8-0,10,0,6751,True,False,5660.0,22,,,
temple_actividad,25,1,7-8-3-4-1-2-0-5-6,1-5-3-7-2-6-4-8-0,10,4,9823,False,True,,22,,,
temple_actividad,26,1,8-1-2-3-6-0-7-5-4,1-2-3-0-5-6-7-8-4,13,3,9823,False,True,,23,,,
temple_actividad,27,1,8-1-7-3-0-2-6-5-4,1-2-3-4-5-6-7-8-0,20,0,8340,True,False,6528.0,22,,,
temple_actividad,28,1,8-4-1-3-5-7-0-2-6,1-2-3-4-5-6-7-8-0,16,0,5350,True,False,4710.0,26,,,
temple_actividad,29,1,8-6-4-5-0-3-7-1-2,1-2-0-4-5-6-8-7-3,16,4,9823,False,True,,26,,,
temple_actividad,0,2,0-1-6-3-4-7-8-2-5,1-3-2-4-5-6-0-8-7,14,4,9823,False,True,,22,,,
temple_actividad,1,2,0-6-7-8-4-3-1-2-5,1-2-3-4-5-6-7-8-0,16,0,8333,True,False,6476.0,28,,,
temple_actividad,2,2,1-0-3-2-7-4-8-5-6,1-2-3-4-5-6-7-8-0,9,0,5717,True,False,4955.0,21,,,
temple_actividad,3,2,1-6-8-3-5-0-4-7-2,1-2-3-4-5-0-7-8-6,13,1,9823,False,True,,17,,,
temple_actividad,4,2,1-7-4-8-2-3-0-6-5,1-2-3-4-5-6-7-8-0,14,0,8163,True,False,6488.0,20,,,
temple_actividad,5,2,2-3-1-7-4-5-8-6-0,1-2-3-4-5-6-7-8-0,10,0,7237,True,False,5990.0,16,,,
temple_actividad,6,2,2-7-1-6-4-8-0-3-5,1-2-3-4-5-6-7-8-0,16,0,4702,True,False,4162.0,26,,,
temple_actividad,7,2,2-8-4-6-1-3-0-5-7,1-2-3-4-5-6-7-8-0,14,0,4386,True,False,3930.0,22,,,
temple_actividad,8,2,2-8-7-6-3-1-5-0-4,1-2-3-4-5-6-7-8-0,19,0,7062,True,False,5809.0,25,,,
temple_actividad,9,2,3-2-1-7-5-4-8-6-0,1-2-3-4-8-6-5-7-0,10,4,9823,False,True,,22,,,
temple_actividad,10,2,3-5-4-6-2-7-8-0-1,1-2-3-4-5-6-7-8-0,17,0,9294,True,False,6875.0,27,,,
temple_actividad,11,2,3-6-2-5-0-4-1-7-8,7-2-3-1-5-6-4-8-0,12,4,9823,False,True,,16,,,
temple_actividad,12,2,4-1-5-2-6-3-0-7-8,1-2-3-4-5-6-7-8-0,10,0,7305,True,False,6024.0,18,,,
temple_actividad,13,2,4-1-8-3-5-7-2-6-0,1-2-3-4-5-6-7-8-0,16,0,5585,True,False,4888.0,24,,,
temple_actividad,14,2,4-3-2-1-0-6-7-5-8,1-2-3-0-5-6-7-8-4,6,3,9823,False,True,,18,,,
temple_actividad,15,2,4-3-7-6-2-5-0-1-8,1-2-3-4-5-6-7-8-0,14,0,6771,True,False,5696.0,26,,,
temple_actividad,16,2,4-5-0-1-2-7-8-3-6,1-2-3-4-5-6-7-8-0,12,0,7062,True,False,5846.0,22,,,
temple_actividad,17,2,5-1-2-6-4-7-3-0-8,1-2-3-4-5-6-7-8-0,15,0,3670,True,False,3335.0,23,,,
temple_actividad,18,2,5-1-7-8-6-3-2-4-0,1-8-3-4-2-6-7-5-0,16,4,9823,False,True,,24,,,
temple_actividad,19,2,6-0-1-8-4-7-3-2-5,1-2-3-4-5-6-7-8-0,19,0,4892,True,False,4305.0,27,,,
temple_actividad,20,2,6-3-7-5-1-4-8-2-0,1-2-3-4-5-6-7-8-0,16,0,9099,True,False,6826.0,24,,,
temple_actividad,21,2,6-8-2-3-1-5-4-0-7,1-2-3-4-5-6-7-8-0,15,0,7668,True,False,6201.0,21,,,
temple_actividad,22,2,7-0-8-6-3-2-1-4-5,1-2-3-4-5-6-7-8-0,17,0,8029,True,False,6339.0,23,,,
temple_actividad,23,2,7-1-8-2-0-3-5-4-6,1-0-3-4-5-6-7-8-2,14,3,9823,False,True,,22,,,
temple_actividad,24,2,7-3-2-1-0-6-8-5-4,1-2-3-4-5-6-7-8-0,10,0,6610,True,False,5602.0,22,,,
temple_actividad,25,2,7-8-3-4-1-2-0-5-6,1-2-3-0-5-6-7-8-4,10,3,9823,False,True,,22,,,
temple_actividad,26,2,8-1-2-3-6-0-7-5-4,1-2-3-4-5-6-7-8-0,13,0,7088,True,False,5911.0,23,,,
temple_actividad,27,2,8-1-7-3-0-2-6-5-4,4-2-3-5-1-6-7-8-0,20,4,9823,False,True,,22,,,
temple_actividad,28,2,8-4-1-3-5-7-0-2-6,1-2-3-4-5-6-7-8-0,16,0,7227,True,False,5874.0,26,,,
temple_actividad,29,2,8-6-4-5-0-3-7-1-2,1-0-3-4-5-6-7-8-2,16,3,9823,False,True,,26,,,
temple_actividad,0,3,0-1-6-3-4-7-8-2-5,1-2-3-4-5-6-7-8-0,14,0,4552,True,False,4082.0,22,,,
temple_actividad,1,3,0-6-7-8-4-3-1-2-5,1-2-3-4-5-6-7-8-0,16,0,5978,True,False,5134.0,28,,,
temple_actividad,2,3,1-0-3-2-7-4-8-5-6,1-2-3-4-5-6-7-8-0,9,0,7640,True,False,6171.0,21,,,
temple_actividad,3,3,1-6-8-3-5-0-4-7-2,1-2-3-4-5-6-7-0-8,13,1,9823,False,True,,17,,,
temple_actividad,4,3,1-7-4-8-2-3-0-6-5,1-2-6-5-4-3-7-8-0,14,4,9823,False,True,,20,,,
temple_actividad,5,3,2-3-1-7-4-5-8-6-0,1-2-3-4-5-6-7-8-0,10,0,7001,True,False,5814.0,16,,,
temple_actividad,6,3,2-7-1-6-4-8-0-3-5,4-5-3-1-2-6-7-8-0,16,4,9823,False,True,,26,,,
temple_actividad,7,3,2-8-4-6-1-3-0-5-7,1-2-3-4-5-6-7-8-0,14,0,6142,True,False,5274.0,22,,,
temple_actividad,8,3,2-8-7-6-3-1-5-0-4,1-2-3-4-5-6-7-8-0,19,0,7880,True,False,6289.0,25,,,
temple_actividad,9,3,3-2-1-7-5-4-8-6-0,1-2-3-4-5-6-7-8-0,10,0,6568,True,False,5556.0,22,,,
temple_actividad,10,3,3-5-4-6-2-7-8-0-1,1-2-3-4-5-6-7-8-0,17,0,3715,True,False,3395.0,27,,,
temple_actividad,11,3,3-6-2-5-0-4-1-7-8,1-2-3-4-5-6-7-8-0,12,0,5573,True,False,4900.0,16,,,
temple_actividad,12,3,4-1-5-2-6-3-0-7-8,1-2-3-4-5-6-7-8-0,10,0,7210,True,False,5964.0,18,,,
temple_actividad,13,3,4-1-8-3-5-7-2-6-0,1-2-3-4-5-6-7-8-0,16,0,6477,True,False,5524.0,24,,,
temple_actividad,14,3,4-3-2-1-0-6-7-5-8,1-2-3-4-0-5-7-8-6,6,2,9823,False,True,,18,,,
temple_actividad,15,3,4-3-7-6-2-5-0-1-8,2-1-3-4-6-5-7-8-0,14,4,9823,False,True,,26,,,
temple_actividad,16,3,4-5-0-1-2-7-8-3-6,1-2-3-4-5-6-7-8-0,12,0,7259,True,False,5972.0,22,,,
temple_actividad,17,3,5-1-2-6-4-7-3-0-8,1-2-3-4-5-6-7-8-0,15,0,9039,True,False,6831.0,23,,,
temple_actividad,18,3,5-1-7-8-6-3-2-4-0,1-2-3-4-5-6-7-8-0,16,0,7294,True,False,5982.0,24,,,
temple_actividad,19,3,6-0-1-8-4-7-3-2-5,1-2-3-4-5-6-7-8-0,19,0,6030,True,False,5171.0,27,,,
temple_actividad,20,3,6-3-7-5-1-4-8-2-0,1-2-3-4-5-6-7-8-0,16,0,5686,True,False,4950.0,24,,,
temple_actividad,21,3,6-8-2-3-1-5-4-0-7,1-2-3-7-8-6-4-5-0,15,4,9823,False,True,,21,,,
temple_actividad,22,3,7-0-8-6-3-2-1-4-5,4-5-3-1-2-6-7-8-0,17,4,9823,False,True,,23,,,
temple_actividad,23,3,7-1-8-2-0-3-5-4-6,1-2-3-4-5-6-7-8-0,14,0,6661,True,False,5672.0,22,,,
temple_actividad,24,3,7-3-2-1-0-6-8-5-4,1-0-3-4-5-6-7-8-2,10,3,9823,False,True,,22,,,
temple_actividad,25,3,7-8-3-4-1-2-0-5-6,1-2-3-4-5-6-7-8-0,10,0,8099,True,False,6332.0,22,,,
temple_actividad,26,3,8-1-2-3-6-0-7-5-4,1-2-3-0-4-6-7-5-8,13,3,9823,False,True,,23,,,
temple_actividad,27,3,8-1-7-3-0-2-6-5-4,1-2-3-4-5-6-7-8-0,20,0,8908,True,False,6810.0,22,,,
temple_actividad,28,3,8-4-1-3-5-7-0-2-6,1-2-3-4-5-6-7-8-0,16,0,7672,True,False,6208.0,26,,,
temple_actividad,29,3,8-6-4-5-0-3-7-1-2,1-2-3-4-5-6-7-8-0,16,0,8886,True,False,6732.0,26,,,
temple_actividad,0,4,0-1-6-3-4-7-8-2-5,1-0-3-4-5-6-7-8-2,14,3,9823,False,True,,22,,,
temple_actividad,1,4,0-6-7-8-4-3-1-2-5,2-4-3-1-5-6-7-8-0,16,4,9823,False,True,,28,,,
temple_actividad,2,4,1-0-3-2-7-4-8-5-6,1-2-3-4-5-6-7-8-0,9,0,2825,True,False,2595.0,21,,,
temple_actividad,3,4,1-6-8-3-5-0-4-7-2,1-2-3-4-5-6-7-8-0,13,0,9004,True,False,6833.0,17,,,
temple_actividad,4,4,1-7-4-8-2-3-0-6-5,1-2-3-4-5-6-0-7-8,14,2,9823,False,True,,20,,,
temple_actividad,5,4,2-3-1-7-4-5-8-6-0,1-2-3-4-5-6-7-8-0,10,0,6771,True,False,5614.0,16,,,
temple_actividad,6,4,2-7-1-6-4-8-0-3-5,2-3-1-4-5-6-7-8-0,16,4,9823,False,True,,26,,,
temple_actividad,7,4,2-8-4-6-1-3-0-5-7,1-2-3-4-5-6-7-8-0,14,0,6700,True,False,5586.0,22,,,
temple_actividad,8,4,2-8-7-6-3-1-5-0-4,1-2-3-4-5-6-7-8-0,19,0,6052,True,False,5213.0,25,,,
temple_actividad,9,4,3-2-1-7-5-4-8-6-0,1-2-3-4-5-6-7-8-0,10,0,3914,True,False,3552.0,22,,,
temple_actividad,10,4,3-5-4-6-2-7-8-0-1,1-2-3-4-8-6-5-7-0,17,4,9823,False,True,,27,,,
temple_actividad,11,4,3-6-2-5-0-4-1-7-8,1-2-3-4-5-6-7-8-0,12,0,7055,True,False,5856.0,16,,,
temple_actividad,12,4,4-1-5-2-6-3-0-7-8,1-2-6-4-3-5-7-8-0,10,4,9823,False,True,,18,,,
temple_actividad,13,4,4-1-8-3-5-7-2-6-0,1-2-0-4-5-6-7-3-8,16,4,9823,False,True,,24,,,
temple_actividad,14,4,4-3-2-1-0-6-7-5-8,0-2-3-4-1-6-7-8-5,6,4,9823,False,True,,18,,,
temple_actividad,15,4,4-3-7-6-2-5-0-1-8,1-2-3-4-5-6-7-8-0,14,0,8100,True,False,6428.0,26,,,
temple_actividad,16,4,4-5-0-1-2-7-8-3-6,1-2-3-4-5-6-7-8-0,12,0,7650,True,False,6228.0,22,,,
temple_actividad,17,4,5-1-2-6-4-7-3-0-8,1-5-2-4-0-3-7-8-6,15,4,9823,False,True,,23,,,
temple_actividad,18,4,5-1-7-8-6-3-2-4-0,1-2-3-4-5-6-7-8-0,16,0,7397,True,False,6102.0,24,,,
temple_actividad,19,4,6-0-1-8-4-7-3-2-5,1-2-3-4-5-6-7-8-0,19,0,6237,True,False,5313.0,27,,,
temple_actividad,20,4,6-3-7-5-1-4-8-2-0,1-2-3-4-5-6-7-8-0,16,0,8923,True,False,6678.0,24,,,
temple_actividad,21,4,6-8-2-3-1-5-4-0-7,1-2-3-4-5-6-7-8-0,15,0,7313,True,False,5993.0,21,,,
temple_actividad,22,4,7-0-8-6-3-2-1-4-5,1-0-3-4-5-6-7-8-2,17,3,9823,False,True,,23,,,
temple_actividad,23,4,7-1-8-2-0-3-5-4-6,1-2-0-5-4-6-7-8-3,14,4,9823,False,True,,22,,,
temple_actividad,24,4,7-3-2-1-0-6-8-5-4,1-2-3-4-5-6-7-8-0,10,0,7702,True,False,6228.0,22,,,
temple_actividad,25,4,7-8-3-4-1-2-0-5-6,1-2-3-4-5-6-7-8-0,10,0,4355,True,False,3924.0,22,,,
temple_actividad,26,4,8-1-2-3-6-0-7-5-4,1-2-3-4-5-6-7-8-0,13,0,5989,True,False,5101.0,23,,,
temple_actividad,27,4,8-1-7-3-0-2-6-5-4,1-2-3-4-5-6-7-8-0,20,0,7231,True,False,5920.0,22,,,
temple_actividad,28,4,8-4-1-3-5-7-0-2-6,1-2-3-4-5-6-7-8-0,16,0,7659,True,False,6162.0,26,,,
temple_actividad,29,4,8-6-4-5-0-3-7-1-2,1-2-3-4-5-0-7-8-6,16,1,9823,False,True,,26,,,
temple_actividad,0,5,0-1-6-3-4-7-8-2-5,1-2-3-4-5-6-7-8-0,14,0,8041,True,False,6392.0,22,,,
temple_actividad,1,5,0-6-7-8-4-3-1-2-5,1-2-3-4-5-6-7-8-0,16,0,6646,True,False,5542.0,28,,,
temple_actividad,2,5,1-0-3-2-7-4-8-5-6,1-2-3-4-5-6-7-8-0,9,0,7310,True,False,6001.0,21,,,
temple_actividad,3,5,1-6-8-3-5-0-4-7-2,1-2-3-4-5-6-7-8-0,13,0,5254,True,False,4635.0,17,,,
temple_actividad,4,5,1-7-4-8-2-3-0-6-5,1-2-3-4-5-6-7-8-0,14,0,9149,True,False,6814.0,20,,,
temple_actividad,5,5,2-3-1-7-4-5-8-6-0,1-2-3-4-5-6-7-8-0,10,0,7042,True,False,5864.0,16,,,
temple_actividad,6,5,2-7-1-6-4-8-0-3-5,1-0-3-4-5-6-7-8-2,16,3,9823,False,True,,26,,,
temple_actividad,7,5,2-8-4-6-1-3-0-5-7,1-2-3-4-5-6-7-8-0,14,0,2973,True,False,2708.0,22,,,
temple_actividad,8,5,2-8-7-6-3-1-5-0-4,1-2-3-4-5-6-7-8-0,19,0,7594,True,False,6143.0,25,,,
temple_actividad,9,5,3-2-1-7-5-4-8-6-0,1-2-3-4-6-5-0-8-7,10,4,9823,False,True,,22,,,
temple_actividad,10,5,3-5-4-6-2-7-8-0-1,1-2-3-4-5-6-7-8-0,17,0,3802,True,False,3453.0,27,,,
temple_actividad,11,5,3-6-2-5-0-4-1-7-8,1-2-3-4-5-6-7-8-0,12,0,6162,True,False,5190.0,16,,,
temple_actividad,12,5,4-1-5-2-6-3-0-7-8,1-2-3-7-4-6-5-8-0,10,4,9823,False,True,,18,,,
temple_actividad,13,5,4-1-8-3-5-7-2-6-0,1-2-3-4-5-6-7-8-0,16,0,7300,True,False,5970.0,24,,,
temple_actividad,14,5,4-3-2-1-0-6-7-5-8,1-2-3-4-5-6-7-8-0,6,0,6410,True,False,5472.0,18,,,
temple_actividad,15,5,4-3-7-6-2-5-0-1-8,1-2-3-4-5-6-7-8-0,14,0,9309,True,False,6898.0,26,,,
temple_actividad,16,5,4-5-0-1-2-7-8-3-6,1-2-3-4-5-6-7-8-0,12,0,5137,True,False,4512.0,22,,,
temple_actividad,17,5,5-1-2-6-4-7-3-0-8,1-2-3-4-5-6-7-8-0,15,0,6458,True,False,5477.0,23,,,
temple_actividad,18,5,5-1-7-8-6-3-2-4-0,1-2-3-0-5-6-7-8-4,16,3,9823,False,True,,24,,,
temple_actividad,19,5,6-0-1-8-4-7-3-2-5,1-2-3-4-5-6-7-8-0,19,0,5531,True,False,4847.0,27,,,
temple_actividad,20,5,6-3-7-5-1-4-8-2-0,1-5-3-2-4-6-7-8-0,16,4,9823,False,True,,24,,,
temple_actividad,21,5,6-8-2-3-1-5-4-0-7,1-2-3-4-5-6-7-8-0,15,0,5963,True,False,5179.0,21,,,
temple_actividad,22,5,7-0-8-6-3-2-1-4-5,1-2-3-4-5-6-0-7-8,17,2,9823,False,True,,23,,,
temple_actividad,23,5,7-1-8-2-0-3-5-4-6,1-2-3-4-5-6-7-8-0,14,0,5123,True,False,4512.0,22,,,
temple_actividad,24,5,7-3-2-1-0-6-8-5-4,1-2-3-4-5-6-7-8-0,10,0,4555,True,False,4056.0,22,,,
temple_actividad,25,5,7-8-3-4-1-2-0-5-6,1-2-3-4-5-6-7-8-0,10,0,5898,True,False,5130.0,22,,,
temple_actividad,26,5,8-1-2-3-6-0-7-5-4,1-2-6-7-5-3-4-8-0,13,4,9823,False,True,,23,,,
temple_actividad,27,5,8-1-7-3-0-2-6-5-4,1-2-3-4-5-6-7-8-0,20,0,4366,True,False,3896.0,22,,,
temple_actividad,28,5,8-4-1-3-5-7-0-2-6,1-2-3-4-5-6-7-8-0,16,0,8720,True,False,6676.0,26,,,
temple_actividad,29,5,8-6-4-5-0-3-7-1-2,1-2-6-4-0-3-7-8-5,16,4,9823,False,True,,26,,,
temple_actividad,0,6,0-1-6-3-4-7-8-2-5,1-2-3-4-5-6-7-8-0,14,0,5305,True,False,4676.0,22,,,
temple_actividad,1,6,0-6-7-8-4-3-1-2-5,1-2-3-4-5-6-7-8-0,16,0,5851,True,False,5020.0,28,,,
temple_actividad,2,6,1-0-3-2-7-4-8-5-6,1-2-3-4-5-6-7-8-0,9,0,8461,True,False,6649.0,21,,,
temple_actividad,3,6,1-6-8-3-5-0-4-7-2,1-2-3-4-5-6-7-8-0,13,0,8227,True,False,6541.0,17,,,
temple_actividad,4,6,1-7-4-8-2-3-0-6-5,1-2-3-4-5-6-7-8-0,14,0,9442,True,False,6922.0,20,,,
temple_actividad,5,6,2-3-1-7-4-5-8-6-0,1-2-3-4-5-6-7-0-8,10,1,9823,False,True,,16,,,
temple_actividad,6,6,2-7-1-6-4-8-0-3-5,1-2-3-4-5-6-7-8-0,16,0,5340,True,False,4658.0,26,,,
temple_actividad,7,6,2-8-4-6-1-3-0-5-7,1-2-3-4-5-6-7-8-0,14,0,8395,True,False,6508.0,22,,,
temple_actividad,8,6,2-8-7-6-3-1-5-0-4,1-2-3-4-5-6-7-8-0,19,0,8400,True,False,6545.0,25,,,
temple_actividad,9,6,3-2-1-7-5-4-8-6-0,1-0-3-4-5-6-7-8-2,10,3,9823,False,True,,22,,,
temple_actividad,10,6,3-5-4-6-2-7-8-0-1,1-2-3-4-5-6-7-8-0,17,0,6360,True,False,5419.0,27,,,
temple_actividad,11,6,3-6-2-5-0-4-1-7-8,1-2-3-4-5-6-7-8-0,12,0,6903,True,False,5766.0,16,,,
temple_actividad,12,6,4-1-5-2-6-3-0-7-8,1-2-3-4-5-6-7-8-0,10,0,7710,True,False,6186.0,18,,,
temple_actividad,13,6,4-1-8-3-5-7-2-6-0,1-2-3-4-5-6-7-8-0,16,0,8330,True,False,6544.0,24,,,
temple_actividad,14,6,4-3-2-1-0-6-7-5-8,1-2-3-4-5-6-7-8-0,6,0,9486,True,False,6984.0,18,,,
temple_actividad,15,6,4-3-7-6-2-5-0-1-8,1-2-3-4-5-6-7-8-0,14,0,6413,True,False,5474.0,26,,,
temple_actividad,16,6,4-5-0-1-2-7-8-3-6,1-2-3-4-5-6-7-8-0,12,0,8384,True,False,6524.0,22,,,
temple_actividad,17,6,5-1-2-6-4-7-3-0-8,1-2-3-4-5-6-7-8-0,15,0,4621,True,False,4129.0,23,,,
temple_actividad,18,6,5-1-7-8-6-3-2-4-0,1-2-3-0-5-6-7-8-4,16,3,9823,False,True,,24,,,
temple_actividad,19,6,6-0-1-8-4-7-3-2-5,1-2-3-4-5-6-7-8-0,19,0,7342,True,False,6005.0,27,,,
temple_actividad,20,6,6-3-7-5-1-4-8-2-0,1-2-3-4-5-6-7-8-0,16,0,7060,True,False,5874.0,24,,,
temple_actividad,21,6,6-8-2-3-1-5-4-0-7,1-2-3-4-5-6-7-8-0,15,0,4601,True,False,4119.0,21,,,
temple_actividad,22,6,7-0-8-6-3-2-1-4-5,1-0-3-4-5-6-7-8-2,17,3,9823,False,True,,23,,,
temple_actividad,23,6,7-1-8-2-0-3-5-4-6,1-2-3-5-4-6-0-8-7,14,4,9823,False,True,,22,,,
temple_actividad,24,6,7-3-2-1-0-6-8-5-4,4-5-3-1-2-6-7-8-0,10,4,9823,False,True,,22,,,
temple_actividad,25,6,7-8-3-4-1-2-0-5-6,1-2-3-4-5-6-7-8-0,10,0,908,True,False,860.0,22,,,
temple_actividad,26,6,8-1-2-3-6-0-7-5-4,1-2-0-5-4-6-7-8-3,13,4,9823,False,True,,23,,,
temple_actividad,27,6,8-1-7-3-0-2-6-5-4,1-2-3-4-5-6-7-8-0,20,0,3049,True,False,2788.0,22,,,
temple_actividad,28,6,8-4-1-3-5-7-0-2-6,1-2-3-4-5-6-7-8-0,16,0,7181,True,False,5950.0,26,,,
temple_actividad,29,6,8-6-4-5-0-3-7-1-2,1-2-3-4-6-8-7-5-0,16,4,9823,False,True,,26,,,
temple_actividad,0,7,0-1-6-3-4-7-8-2-5,1-2-3-4-5-6-7-8-0,14,0,8710,True,False,6750.0,22,,,
temple_actividad,1,7,0-6-7-8-4-3-1-2-5,2-1-3-7-5-6-4-8-0,16,4,9823,False,True,,28,,,
temple_actividad,2,7,1-0-3-2-7-4-8-5-6,1-2-3-4-5-0-7-8-6,9,1,9823,False,True,,21,,,
temple_actividad,3,7,1-6-8-3-5-0-4-7-2,1-2-3-4-5-6-0-7-8,13,2,9823,False,True,,17,,,
temple_actividad,4,7,1-7-4-8-2-3-0-6-5,1-2-3-4-5-6-7-8-0,14,0,7390,True,False,6088.0,20,,,
temple_actividad,5,7,2-3-1-7-4-5-8-6-0,1-2-3-4-5-6-7-8-0,10,0,9503,True,False,6922.0,16,,,
temple_actividad,6,7,2-7-1-6-4-8-0-3-5,1-2-3-4-5-6-7-8-0,16,0,2182,True,False,2038.0,26,,,
temple_actividad,7,7,2-8-4-6-1-3-0-5-7,1-2-3-0-5-6-7-8-4,14,3,9823,False,True,,22,,,
temple_actividad,8,7,2-8-7-6-3-1-5-0-4,1-2-3-4-5-6-7-8-0,19,0,4841,True,False,4321.0,25,,,
temple_actividad,9,7,3-2-1-7-5-4-8-6-0,1-2-3-4-5-6-7-8-0,10,0,2736,True,False,2526.0,22,,,
temple_actividad,10,7,3-5-4-6-2-7-8-0-1,1-2-3-4-5-6-7-8-0,17,0,6888,True,False,5803.0,27,,,
temple_actividad,11,7,3-6-2-5-0-4-1-7-8,1-2-3-4-5-6-7-8-0,12,0,4442,True,False,3996.0,16,,,
temple_actividad,12,7,4-1-5-2-6-3-0-7-8,1-0-3-4-5-6-7-8-2,10,3,9823,False,True,,18,,,
temple_actividad,13,7,4-1-8-3-5-7-2-6-0,1-2-6-4-5-3-0-8-7,16,4,9823,False,True,,24,,,
temple_actividad,14,7,4-3-2-1-0-6-7-5-8,1-2-3-4-5-6-7-8-0,6,0,5822,True,False,5006.0,18,,,
temple_actividad,15,7,4-3-7-6-2-5-0-1-8,1-2-0-4-5-3-7-8-6,14,2,9823,False,True,,26,,,
temple_actividad,16,7,4-5-0-1-2-7-8-3-6,1-2-3-4-5-6-7-8-0,12,0,8213,True,False,6462.0,22,,,
temple_actividad,17,7,5-1-2-6-4-7-3-0-8,1-2-3-4-0-6-7-5-8,15,2,9823,False,True,,23,,,
temple_actividad,18,7,5-1-7-8-6-3-2-4-0,1-2-3-4-5-6-7-8-0,16,0,7758,True,False,6322.0,24,,,
temple_actividad,19,7,6-0-1-8-4-7-3-2-5,1-2-3-4-5-6-7-8-0,19,0,5855,True,False,5057.0,27,,,
temple_actividad,20,7,6-3-7-5-1-4-8-2-0,1-2-3-4-5-6-7-8-0,16,0,8045,True,False,6444.0,24,,,
temple_actividad,21,7,6-8-2-3-1-5-4-0-7,1-0-3-4-5-6-7-8-2,15,3,9823,False,True,,21,,,
temple_actividad,22,7,7-0-8-6-3-2-1-4-5,1-2-3-4-5-6-7-8-0,17,0,5815,True,False,5061.0,23,,,
temple_actividad,23,7,7-1-8-2-0-3-5-4-6,1-2-3-4-5-6-7-8-0,14,0,7192,True,False,5928.0,22,,,
temple_actividad,24,7,7-3-2-1-0-6-8-5-4,1-2-3-4-5-6-7-8-0,10,0,9061,True,False,6824.0,22,,,
temple_actividad,25,7,7-8-3-4-1-2-0-5-6,1-2-3-4-5-6-7-8-0,10,0,5950,True,False,5154.0,22,,,
temple_actividad,26,7,8-1-2-3-6-0-7-5-4,1-2-3-4-5-6-7-8-0,13,0,6065,True,False,5185.0,23,,,
temple_actividad,27,7,8-1-7-3-0-2-6-5-4,1-0-3-4-5-6-7-8-2,20,3,9823,False,True,,22,,,
temple_actividad,28,7,8-4-1-3-5-7-0-2-6,1-2-3-4-5-6-7-8-0,16,0,8099,True,False,6378.0,26,,,
temple_actividad,29,7,8-6-4-5-0-3-7-1-2,1-2-3-4-5-6-7-8-0,16,0,5196,True,False,4584.0,26,,,
temple_actividad,0,8,0-1-6-3-4-7-8-2-5,1-2-3-0-5-6-7-8-4,14,3,9823,False,True,,22,,,
temple_actividad,1,8,0-6-7-8-4-3-1-2-5,1-2-3-4-5-6-7-8-0,16,0,3577,True,False,3290.0,28,,,
temple_actividad,2,8,1-0-3-2-7-4-8-5-6,1-2-3-4-5-6-7-8-0,9,0,6020,True,False,5197.0,21,,,
temple_actividad,3,8,1-6-8-3-5-0-4-7-2,1-2-3-4-5-6-7-8-0,13,0,6531,True,False,5501.0,17,,,
temple_actividad,4,8,1-7-4-8-2-3-0-6-5,1-2-3-4-5-6-7-8-0,14,0,5967,True,False,5156.0,20,,,
temple_actividad,5,8,2-3-1-7-4-5-8-6-0,1-2-3-4-5-6-7-8-0,10,0,6546,True,False,5556.0,16,,,
temple_actividad,6,8,2-7-1-6-4-8-0-3-5,1-2-3-4-5-6-7-8-0,16,0,8057,True,False,6460.0,26,,,
temple_actividad,7,8,2-8-4-6-1-3-0-5-7,1-2-3-4-5-6-7-8-0,14,0,6502,True,False,5502.0,22,,,
temple_actividad,8,8,2-8-7-6-3-1-5-0-4,1-2-3-4-5-6-7-8-0,19,0,7254,True,False,5943.0,25,,,
temple_actividad,9,8,3-2-1-7-5-4-8-6-0,2-1-3-4-6-5-7-8-0,10,4,9823,False,True,,22,,,
temple_actividad,10,8,3-5-4-6-2-7-8-0-1,1-2-3-4-5-6-7-8-0,17,0,8982,True,False,6817.0,27,,,
temple_actividad,11,8,3-6-2-5-0-4-1-7-8,1-2-3-4-5-6-7-8-0,12,0,8292,True,False,6516.0,16,,,
temple_actividad,12,8,4-1-5-2-6-3-0-7-8,1-2-3-4-5-6-7-8-0,10,0,5155,True,False,4558.0,18,,,
temple_actividad,13,8,4-1-8-3-5-7-2-6-0,1-2-3-4-5-6-7-8-0,16,0,2885,True,False,2654.0,24,,,
temple_actividad,14,8,4-3-2-1-0-6-7-5-8,1-2-3-4-5-6-7-8-0,6,0,7586,True,False,6202.0,18,,,
temple_actividad,15,8,4-3-7-6-2-5-0-1-8,1-2-3-4-5-6-7-8-0,14,0,7918,True,False,6368.0,26,,,
temple_actividad,16,8,4-5-0-1-2-7-8-3-6,1-2-3-4-5-6-7-8-0,12,0,1843,True,False,1728.0,22,,,
temple_actividad,17,8,5-1-2-6-4-7-3-0-8,1-2-3-4-5-6-7-8-0,15,0,5590,True,False,4825.0,23,,,
temple_actividad,18,8,5-1-7-8-6-3-2-4-0,1-2-3-4-5-6-7-8-0,16,0,7060,True,False,5860.0,24,,,
temple_actividad,19,8,6-0-1-8-4-7-3-2-5,1-2-3-0-5-6-7-8-4,19,3,9823,False,True,,27,,,
temple_actividad,20,8,6-3-7-5-1-4-8-2-0,1-2-3-0-5-6-7-8-4,16,3,9823,False,True,,24,,,
temple_actividad,21,8,6-8-2-3-1-5-4-0-7,1-2-3-4-5-6-7-8-0,15,0,7057,True,False,5877.0,21,,,
temple_actividad,22,8,7-0-8-6-3-2-1-4-5,1-2-3-4-5-6-7-8-0,17,0,6168,True,False,5299.0,23,,,
temple_actividad,23,8,7-1-8-2-0-3-5-4-6,1-2-3-4-5-6-7-8-0,14,0,6952,True,False,5850.0,22,,,
temple_actividad,24,8,7-3-2-1-0-6-8-5-4,1-2-3-4-5-6-7-8-0,10,0,4811,True,False,4250.0,22,,,
temple_actividad,25,8,7-8-3-4-1-2-0-5-6,1-2-3-4-5-6-7-8-0,10,0,6786,True,False,5672.0,22,,,
temple_actividad,26,8,8-1-2-3-6-0-7-5-4,1-2-3-0-4-6-7-5-8,13,3,9823,False,True,,23,,,
temple_actividad,27,8,8-1-7-3-0-2-6-5-4,1-2-3-4-6-8-7-5-0,20,4,9823,False,True,,22,,,
temple_actividad,28,8,8-4-1-3-5-7-0-2-6,1-2-3-4-5-6-7-8-0,16,0,8711,True,False,6664.0,26,,,
temple_actividad,29,8,8-6-4-5-0-3-7-1-2,1-2-3-4-5-6-7-8-0,16,0,3210,True,False,2950.0,26,,,
temple_actividad,0,9,0-1-6-3-4-7-8-2-5,1-2-3-4-5-6-7-8-0,14,0,7910,True,False,6348.0,22,,,
temple_actividad,1,9,0-6-7-8-4-3-1-2-5,1-2-3-4-0-6-7-5-8,16,2,9823,False,True,,28,,,
temple_actividad,2,9,1-0-3-2-7-4-8-5-6,1-2-3-4-0-5-7-8-6,9,2,9823,False,True,,21,,,
temple_actividad,3,9,1-6-8-3-5-0-4-7-2,1-2-3-4-0-5-7-8-6,13,2,9823,False,True,,17,,,
temple_actividad,4,9,1-7-4-8-2-3-0-6-5,1-2-3-4-5-6-7-8-0,14,0,5269,True,False,4608.0,20,,,
temple_actividad,5,9,2-3-1-7-4-5-8-6-0,1-2-3-0-5-6-7-8-4,10,3,9823,False,True,,16,,,
temple_actividad,6,9,2-7-1-6-4-8-0-3-5,1-0-3-4-5-6-7-8-2,16,3,9823,False,True,,26,,,
temple_actividad,7,9,2-8-4-6-1-3-0-5-7,1-2-3-4-5-6-7-8-0,14,0,7059,True,False,5830.0,22,,,
temple_actividad,8,9,2-8-7-6-3-1-5-0-4,1-2-3-4-5-6-7-8-0,19,0,6005,True,False,5191.0,25,,,
temple_actividad,9,9,3-2-1-7-5-4-8-6-0,1-2-3-4-5-6-7-8-0,10,0,8237,True,False,6512.0,22,,,
temple_actividad,10,9,3-5-4-6-2-7-8-0-1,1-2-3-4-5-6-7-8-0,17,0,5226,True,False,4551.0,27,,,
temple_actividad,11,9,3-6-2-5-0-4-1-7-8,1-2-3-4-5-6-7-8-0,12,0,8998,True,False,6798.0,16,,,
temple_actividad,12,9,4-1-5-2-6-3-0-7-8,1-2-0-5-4-6-7-8-3,10,4,9823,False,True,,18,,,
temple_actividad,13,9,4-1-8-3-5-7-2-6-0,1-2-3-4-5-6-7-8-0,16,0,5865,True,False,5046.0,24,,,
temple_actividad,14,9,4-3-2-1-0-6-7-5-8,1-2-3-4-5-6-7-8-0,6,0,5601,True,False,4916.0,18,,,
temple_actividad,15,9,4-3-7-6-2-5-0-1-8,1-2-3-4-5-6-7-8-0,14,0,6027,True,False,5190.0,26,,,
temple_actividad,16,9,4-5-0-1-2-7-8-3-6,1-0-3-4-2-5-7-8-6,12,3,9823,False,True,,22,,,
temple_actividad,17,9,5-1-2-6-4-7-3-0-8,1-2-3-4-5-6-7-8-0,15,0,6223,True,False,5333.0,23,,,
temple_actividad,18,9,5-1-7-8-6-3-2-4-0,1-2-3-4-5-6-7-8-0,16,0,6355,True,False,5422.0,24,,,
temple_actividad,19,9,6-0-1-8-4-7-3-2-5,1-2-3-4-5-6-7-8-0,19,0,4747,True,False,4233.0,27,,,
temple_actividad,20,9,6-3-7-5-1-4-8-2-0,1-2-3-0-5-6-7-8-4,16,3,9823,False,True,,24,,,
temple_actividad,21,9,6-8-2-3-1-5-4-0-7,1-2-3-4-5-6-7-8-0,15,0,8151,True,False,6471.0,21,,,
temple_actividad,22,9,7-0-8-6-3-2-1-4-5,1-2-3-4-5-6-7-8-0,17,0,6654,True,False,5615.0,23,,,
temple_actividad,23,9,7-1-8-2-0-3-5-4-6,1-2-3-8-4-6-7-5-0,14,4,9823,False,True,,22,,,
temple_actividad,24,9,7-3-2-1-0-6-8-5-4,1-0-3-4-5-6-7-8-2,10,3,9823,False,True,,22,,,
temple_actividad,25,9,7-8-3-4-1-2-0-5-6,1-2-3-4-5-6-7-8-0,10,0,7341,True,False,6024.0,22,,,
temple_actividad,26,9,8-1-2-3-6-0-7-5-4,1-4-3-5-2-6-7-8-0,13,4,9823,False,True,,23,,,
temple_actividad,27,9,8-1-7-3-0-2-6-5-4,1-0-2-4-5-3-7-8-6,20,3,9823,False,True,,22,,,
temple_actividad,28,9,8-4-1-3-5-7-0-2-6,1-5-3-4-2-6-8-7-0,16,4,9823,False,True,,26,,,
temple_actividad,29,9,8-6-4-5-0-3-7-1-2,1-2-3-4-5-6-7-8-0,16,0,5778,True,False,5020.0,26,,,
temple_mejor,0,0,0-1-6-3-4-7-8-2-5,1-2-3-4-5-6-7-8-0,14,0,3663,True,False,1926.0,22,,,
temple_mejor,1,0,0-6-7-8-4-3-1-2-5,1-2-3-4-5-6-7-8-0,16,0,4238,True,False,2292.0,28,,,
temple_mejor,2,0,1-0-3-2-7-4-8-5-6,1-2-3-4-5-6-7-8-0,9,0,1312,True,False,675.0,21,,,
temple_mejor,3,0,1-6-8-3-5-0-4-7-2,1-2-3-4-5-6-7-8-0,13,0,1619,True,False,841.0,17,,,
temple_mejor,4,0,1-7-4-8-2-3-0-6-5,1-2-3-4-5-6-7-8-0,14,0,7769,True,False,3998.0,20,,,
temple_mejor,5,0,2-3-1-7-4-5-8-6-0,1-2-3-4-5-6-7-8-0,10,0,3333,True,False,1772.0,16,,,
temple_mejor,6,0,2-7-1-6-4-8-0-3-5,1-2-3-4-5-6-7-8-0,16,0,5041,True,False,2562.0,26,,,
temple_mejor,7,0,2-8-4-6-1-3-0-5-7,1-2-3-4-5-6-7-8-0,14,0,7890,True,False,4070.0,22,,,
temple_mejor,8,0,2-8-7-6-3-1-5-0-4,1-2-3-4-5-6-7-8-0,19,0,2657,True,False,1457.0,25,,,
temple_mejor,9,0,3-2-1-7-5-4-8-6-0,1-2-3-4-5-6-7-8-0,10,0,3578,True,False,1912.0,22,,,
temple_mejor,10,0,3-5-4-6-2-7-8-0-1,1-2-3-4-5-6-7-8-0,17,0,3653,True,False,1873.0,27,,,
temple_mejor,11,0,3-6-2-5-0-4-1-7-8,1-2-3-4-5-6-7-8-0,12,0,3654,True,False,1906.0,16,,,
temple_mejor,12,0,4-1-5-2-6-3-0-7-8,1-2-3-4-5-6-7-8-0,10,0,5257,True,False,2678.0,18,,,
temple_mejor,13,0,4-1-8-3-5-7-2-6-0,1-2-3-4-5-6-7-8-0,16,0,853,True,False,460.0,24,,,
temple_mejor,14,0,4-3-2-1-0-6-7-5-8,1-2-3-4-5-6-7-8-0,6,0,2034,True,False,1066.0,18,,,
temple_mejor,15,0,4-3-7-6-2-5-0-1-8,1-2-3-4-5-6-7-8-0,14,0,3707,True,False,1884.0,26,,,
temple_mejor,16,0,4-5-0-1-2-7-8-3-6,1-2-3-4-5-6-7-8-0,12,0,680,True,False,356.0,22,,,
temple_mejor,17,0,5-1-2-6-4-7-3-0-8,1-2-3-4-5-6-7-8-0,15,0,6427,True,False,3247.0,23,,,
temple_mejor,18,0,5-1-7-8-6-3-2-4-0,1-2-3-4-5-6-7-8-0,16,0,3530,True,False,1822.0,24,,,
temple_mejor,19,0,6-0-1-8-4-7-3-2-5,1-2-3-4-5-6-7-8-0,19,0,2249,True,False,1203.0,27,,,
temple_mejor,20,0,6-3-7-5-1-4-8-2-0,1-2-3-4-5-6-7-8-0,16,0,3259,True,False,1710.0,24,,,
temple_mejor,21,0,6-8-2-3-1-5-4-0-7,1-2-3-4-5-6-7-8-0,15,0,6178,True,False,3195.0,21,,,
temple_mejor,22,0,7-0-8-6-3-2-1-4-5,1-2-3-4-5-6-7-8-0,17,0,1850,True,False,999.0,23,,,
temple_mejor,23,0,7-1-8-2-0-3-5-4-6,1-2-3-4-5-6-7-8-0,14,0,2598,True,False,1384.0,22,,,
temple_mejor,24,0,7-3-2-1-0-6-8-5-4,1-2-3-4-5-6-7-8-0,10,0,1397,True,False,746.0,22,,,
temple_mejor,25,0,7-8-3-4-1-2-0-5-6,1-2-3-4-5-6-7-8-0,10,0,5749,True,False,2934.0,22,,,
temple_mejor,26,0,8-1-2-3-6-0-7-5-4,1-2-3-4-5-6-7-8-0,13,0,4776,True,False,2467.0,23,,,
temple_mejor,27,0,8-1-7-3-0-2-6-5-4,1-2-3-4-5-6-7-8-0,20,0,2547,True,False,1336.0,22,,,
temple_mejor,28,0,8-4-1-3-5-7-0-2-6,1-2-3-4-5-6-7-8-0,16,0,270,True,False,154.0,26,,,
temple_mejor,29,0,8-6-4-5-0-3-7-1-2,1-2-3-4-5-6-7-8-0,16,0,4504,True,False,2386.0,26,,,
temple_mejor,0,1,0-1-6-3-4-7-8-2-5,1-2-3-4-5-6-7-8-0,14,0,7737,True,False,3976.0,22,,,
temple_mejor,1,1,0-6-7-8-4-3-1-2-5,1-2-3-4-5-6-7-8-0,16,0,3463,True,False,1812.0,28,,,
temple_mejor,2,1,1-0-3-2-7-4-8-5-6,1-2-3-4-5-6-7-8-0,9,0,1184,True,False,607.0,21,,,
temple_mejor,3,1,1-6-8-3-5-0-4-7-2,1-2-3-4-5-6-7-8-0,13,0,1488,True,False,779.0,17,,,
temple_mejor,4,1,1-7-4-8-2-3-0-6-5,1-2-3-4-5-6-7-8-0,14,0,3873,True,False,2044.0,20,,,
temple_mejor,5,1,2-3-1-7-4-5-8-6-0,1-2-3-4-5-6-7-8-0,10,0,4027,True,False,2102.0,16,,,
temple_mejor,6,1,2-7-1-6-4-8-0-3-5,1-2-3-4-5-6-7-8-0,16,0,3090,True,False,1670.0,26,,,
temple_mejor,7,1,2-8-4-6-1-3-0-5-7,1-2-3-4-5-6-7-8-0,14,0,1043,True,False,560.0,22,,,
temple_mejor,8,1,2-8-7-6-3-1-5-0-4,1-2-3-4-5-6-7-8-0,19,0,4072,True,False,2139.0,25,,,
temple_mejor,9,1,3-2-1-7-5-4-8-6-0,1-2-3-4-5-6-7-8-0,10,0,850,True,False,442.0,22,,,
temple_mejor,10,1,3-5-4-6-2-7-8-0-1,1-2-3-4-5-6-7-8-0,17,0,2485,True,False,1313.0,27,,,
temple_mejor,11,1,3-6-2-5-0-4-1-7-8,1-2-3-4-5-6-7-8-0,12,0,3706,True,False,1960.0,16,,,
temple_mejor,12,1,4-1-5-2-6-3-0-7-8,1-2-3-4-5-6-7-8-0,10,0,656,True,False,376.0,18,,,
temple_mejor,13,1,4-1-8-3-5-7-2-6-0,1-2-3-4-5-6-7-8-0,16,0,1815,True,False,962.0,24,,,
temple_mejor,14,1,4-3-2-1-0-6-7-5-8,1-2-3-4-5-6-7-8-0,6,0,1901,True,False,1014.0,18,,,
temple_mejor,15,1,4-3-7-6-2-5-0-1-8,1-2-3-4-5-6-7-8-0,14,0,5078,True,False,2666.0,26,,,
temple_mejor,16,1,4-5-0-1-2-7-8-3-6,1-2-3-4-5-6-7-8-0,12,0,2070,True,False,1110.0,22,,,
temple_mejor,17,1,5-1-2-6-4-7-3-0-8,1-2-3-4-5-6-7-8-0,15,0,632,True,False,367.0,23,,,
temple_mejor,18,1,5-1-7-8-6-3-2-4-0,1-2-3-4-5-6-7-8-0,16,0,4628,True,False,2302.0,24,,,
temple_mejor,19,1,6-0-1-8-4-7-3-2-5,1-2-3-4-5-6-7-8-0,19,0,486,True,False,275.0,27,,,
temple_mejor,20,1,6-3-7-5-1-4-8-2-0,1-2-3-4-5-6-7-8-0,16,0,1769,True,False,936.0,24,,,
temple_mejor,21,1,6-8-2-3-1-5-4-0-7,1-2-3-4-5-6-7-8-0,15,0,5937,True,False,3047.0,21,,,
temple_mejor,22,1,7-0-8-6-3-2-1-4-5,1-2-3-4-5-6-7-8-0,17,0,2826,True,False,1471.0,23,,,
temple_mejor,23,1,7-1-8-2-0-3-5-4-6,1-2-3-4-5-6-7-8-0,14,0,449,True,False,260.0,22,,,
temple_mejor,24,1,7-3-2-1-0-6-8-5-4,1-2-3-4-5-6-7-8-0,10,0,5377,True,False,2744.0,22,,,
temple_mejor,25,1,7-8-3-4-1-2-0-5-6,1-2-3-4-5-6-7-8-0,10,0,4534,True,False,2386.0,22,,,
temple_mejor,26,1,8-1-2-3-6-0-7-5-4,1-2-3-4-5-6-7-8-0,13,0,453,True,False,245.0,23,,,
temple_mejor,27,1,8-1-7-3-0-2-6-5-4,1-2-3-4-5-6-7-8-0,20,0,5146,True,False,2722.0,22,,,
temple_mejor,28,1,8-4-1-3-5-7-0-2-6,1-2-3-4-5-6-7-8-0,16,0,930,True,False,514.0,26,,,
temple_mejor,29,1,8-6-4-5-0-3-7-1-2,1-2-3-4-5-6-7-8-0,16,0,4783,True,False,2480.0,26,,,
temple_mejor,0,2,0-1-6-3-4-7-8-2-5,1-0-3-4-5-6-7-8-2,14,3,9823,False,True,,22,,,
temple_mejor,1,2,0-6-7-8-4-3-1-2-5,1-2-3-4-5-6-7-8-0,16,0,474,True,False,250.0,28,,,
temple_mejor,2,2,1-0-3-2-7-4-8-5-6,1-2-3-4-5-6-7-8-0,9,0,5564,True,False,2875.0,21,,,
temple_mejor,3,2,1-6-8-3-5-0-4-7-2,1-2-3-4-5-6-7-8-0,13,0,2791,True,False,1467.0,17,,,
temple_mejor,4,2,1-7-4-8-2-3-0-6-5,1-2-3-4-5-6-7-8-0,14,0,1340,True,False,686.0,20,,,
temple_mejor,5,2,2-3-1-7-4-5-8-6-0,1-2-3-4-5-6-7-8-0,10,0,3151,True,False,1732.0,16,,,
temple_mejor,6,2,2-7-1-6-4-8-0-3-5,1-2-3-4-5-6-7-8-0,16,0,1881,True,False,970.0,26,,,
temple_mejor,7,2,2-8-4-6-1-3-0-5-7,1-2-3-4-5-6-7-8-0,14,0,177,True,False,98.0,22,,,
temple_mejor,8,2,2-8-7-6-3-1-5-0-4,1-2-3-4-5-6-7-8-0,19,0,8180,True,False,4149.0,25,,,
temple_mejor,9,2,3-2-1-7-5-4-8-6-0,1-2-3-4-5-6-7-8-0,10,0,2467,True,False,1282.0,22,,,
temple_mejor,10,2,3-5-4-6-2-7-8-0-1,1-2-3-4-5-6-7-8-0,17,0,2187,True,False,1177.0,27,,,
temple_mejor,11,2,3-6-2-5-0-4-1-7-8,1-2-3-4-5-6-7-8-0,12,0,943,True,False,474.0,16,,,
temple_mejor,12,2,4-1-5-2-6-3-0-7-8,1-2-3-4-5-6-7-8-0,10,0,5585,True,False,2920.0,18,,,
temple_mejor,13,2,4-1-8-3-5-7-2-6-0,1-2-3-4-5-6-7-8-0,16,0,3629,True,False,1900.0,24,,,
temple_mejor,14,2,4-3-2-1-0-6-7-5-8,1-2-3-4-5-6-7-8-0,6,0,3205,True,False,1708.0,18,,,
temple_mejor,15,2,4-3-7-6-2-5-0-1-8,1-2-3-4-5-6-7-8-0,14,0,1430,True,False,780.0,26,,,
temple_mejor,16,2,4-5-0-1-2-7-8-3-6,1-2-3-4-5-6-7-8-0,12,0,589,True,False,290.0,22,,,
temple_mejor,17,2,5-1-2-6-4-7-3-0-8,1-2-0-7-5-6-4-8-3,15,4,9823,False,True,,23,,,
temple_mejor,18,2,5-1-7-8-6-3-2-4-0,1-2-3-4-5-6-7-8-0,16,0,3973,True,False,2150.0,24,,,
temple_mejor,19,2,6-0-1-8-4-7-3-2-5,1-2-3-4-5-6-7-8-0,19,0,3477,True,False,1843.0,27,,,
temple_mejor,20,2,6-3-7-5-1-4-8-2-0,1-2-3-4-5-6-7-8-0,16,0,2604,True,False,1384.0,24,,,
temple_mejor,21,2,6-8-2-3-1-5-4-0-7,1-2-3-4-5-6-7-8-0,15,0,1028,True,False,553.0,21,,,
temple_mejor,22,2,7-0-8-6-3-2-1-4-5,1-2-3-4-5-6-7-8-0,17,0,2908,True,False,1517.0,23,,,
temple_mejor,23,2,7-1-8-2-0-3-5-4-6,1-2-3-4-5-6-7-8-0,14,0,1604,True,False,888.0,22,,,
temple_mejor,24,2,7-3-2-1-0-6-8-5-4,1-2-3-4-5-6-7-8-0,10,0,6444,True,False,3424.0,22,,,
temple_mejor,25,2,7-8-3-4-1-2-0-5-6,1-2-3-4-5-6-7-8-0,10,0,2645,True,False,1374.0,22,,,
temple_mejor,26,2,8-1-2-3-6-0-7-5-4,1-0-3-4-5-6-7-8-2,13,3,9823,False,True,,23,,,
temple_mejor,27,2,8-1-7-3-0-2-6-5-4,1-2-3-4-5-6-7-8-0,20,0,2782,True,False,1480.0,22,,,
temple_mejor,28,2,8-4-1-3-5-7-0-2-6,1-2-3-0-5-6-7-8-4,16,3,9823,False,True,,26,,,
temple_mejor,29,2,8-6-4-5-0-3-7-1-2,1-2-3-4-5-6-7-8-0,16,0,1700,True,False,934.0,26,,,
temple_mejor,0,3,0-1-6-3-4-7-8-2-5,1-2-3-4-5-6-7-8-0,14,0,2222,True,False,1218.0,22,,,
temple_mejor,1,3,0-6-7-8-4-3-1-2-5,1-2-3-4-5-6-7-8-0,16,0,2065,True,False,1090.0,28,,,
temple_mejor,2,3,1-0-3-2-7-4-8-5-6,1-2-3-4-5-6-7-8-0,9,0,1441,True,False,777.0,21,,,
temple_mejor,3,3,1-6-8-3-5-0-4-7-2,1-2-3-4-5-6-7-8-0,13,0,7834,True,False,4085.0,17,,,
temple_mejor,4,3,1-7-4-8-2-3-0-6-5,1-2-3-4-5-6-7-8-0,14,0,7337,True,False,3684.0,20,,,
temple_mejor,5,3,2-3-1-7-4-5-8-6-0,1-2-3-4-5-6-7-8-0,10,0,1084,True,False,578.0,16,,,
temple_mejor,6,3,2-7-1-6-4-8-0-3-5,1-2-3-4-5-6-7-8-0,16,0,5670,True,False,2806.0,26,,,
temple_mejor,7,3,2-8-4-6-1-3-0-5-7,1-2-3-4-5-6-7-8-0,14,0,1538,True,False,840.0,22,,,
temple_mejor,8,3,2-8-7-6-3-1-5-0-4,1-2-3-4-5-6-7-8-0,19,0,911,True,False,469.0,25,,,
temple_mejor,9,3,3-2-1-7-5-4-8-6-0,1-2-3-4-5-6-7-8-0,10,0,4371,True,False,2342.0,22,,,
temple_mejor,10,3,3-5-4-6-2-7-8-0-1,1-2-3-4-5-6-7-8-0,17,0,2514,True,False,1355.0,27,,,
temple_mejor,11,3,3-6-2-5-0-4-1-7-8,1-2-3-4-5-6-7-8-0,12,0,1183,True,False,626.0,16,,,
temple_mejor,12,3,4-1-5-2-6-3-0-7-8,1-2-3-4-5-6-7-8-0,10,0,183,True,False,102.0,18,,,
temple_mejor,13,3,4-1-8-3-5-7-2-6-0,1-2-3-4-5-6-7-8-0,16,0,1765,True,False,944.0,24,,,
temple_mejor,14,3,4-3-2-1-0-6-7-5-8,1-2-3-4-5-6-7-8-0,6,0,1139,True,False,632.0,18,,,
temple_mejor,15,3,4-3-7-6-2-5-0-1-8,1-2-3-4-5-6-7-8-0,14,0,6882,True,False,3476.0,26,,,
temple_mejor,16,3,4-5-0-1-2-7-8-3-6,1-2-3-4-5-6-7-8-0,12,0,948,True,False,506.0,22,,,
temple_mejor,17,3,5-1-2-6-4-7-3-0-8,1-2-3-4-5-6-7-8-0,15,0,460,True,False,233.0,23,,,
temple_mejor,18,3,5-1-7-8-6-3-2-4-0,1-2-3-4-5-6-7-8-0,16,0,1124,True,False,608.0,24,,,
temple_mejor,19,3,6-0-1-8-4-7-3-2-5,1-2-3-4-5-6-7-8-0,19,0,4607,True,False,2391.0,27,,,
temple_mejor,20,3,6-3-7-5-1-4-8-2-0,1-2-3-4-5-6-7-8-0,16,0,1698,True,False,896.0,24,,,
temple_mejor,21,3,6-8-2-3-1-5-4-0-7,1-2-3-4-8-5-7-0-6,15,3,9823,False,True,,21,,,
temple_mejor,22,3,7-0-8-6-3-2-1-4-5,1-2-3-4-5-6-7-8-0,17,0,952,True,False,507.0,23,,,
temple_mejor,23,3,7-1-8-2-0-3-5-4-6,1-2-3-4-5-6-7-8-0,14,0,4199,True,False,2224.0,22,,,
temple_mejor,24,3,7-3-2-1-0-6-8-5-4,1-2-3-4-5-6-7-8-0,10,0,4342,True,False,2252.0,22,,,
temple_mejor,25,3,7-8-3-4-1-2-0-5-6,1-2-3-4-5-6-7-8-0,10,0,508,True,False,254.0,22,,,
temple_mejor,26,3,8-1-2-3-6-0-7-5-4,1-2-3-4-5-6-7-8-0,13,0,2306,True,False,1181.0,23,,,
temple_mejor,27,3,8-1-7-3-0-2-6-5-4,1-2-3-4-5-6-7-8-0,20,0,973,True,False,506.0,22,,,
temple_mejor,28,3,8-4-1-3-5-7-0-2-6,3-1-2-4-5-6-7-8-0,16,4,9823,False,True,,26,,,
temple_mejor,29,3,8-6-4-5-0-3-7-1-2,1-2-3-4-5-6-7-8-0,16,0,3102,True,False,1614.0,26,,,
temple_mejor,0,4,0-1-6-3-4-7-8-2-5,1-2-3-4-5-6-7-8-0,14,0,1491,True,False,816.0,22,,,
temple_mejor,1,4,0-6-7-8-4-3-1-2-5,1-2-3-4-5-6-7-8-0,16,0,8663,True,False,4400.0,28,,,
temple_mejor,2,4,1-0-3-2-7-4-8-5-6,1-2-3-4-5-6-7-8-0,9,0,3912,True,False,2063.0,21,,,
temple_mejor,3,4,1-6-8-3-5-0-4-7-2,1-2-3-4-5-6-7-8-0,13,0,80,True,False,51.0,17,,,
temple_mejor,4,4,1-7-4-8-2-3-0-6-5,1-2-3-4-5-6-7-8-0,14,0,3865,True,False,2026.0,20,,,
temple_mejor,5,4,2-3-1-7-4-5-8-6-0,1-2-3-4-5-6-7-8-0,10,0,4873,True,False,2576.0,16,,,
temple_mejor,6,4,2-7-1-6-4-8-0-3-5,1-2-3-4-5-6-7-8-0,16,0,712,True,False,396.0,26,,,
temple_mejor,7,4,2-8-4-6-1-3-0-5-7,1-2-3-4-5-6-7-8-0,14,0,2792,True,False,1526.0,22,,,
temple_mejor,8,4,2-8-7-6-3-1-5-0-4,1-2-3-4-5-6-7-8-0,19,0,1761,True,False,963.0,25,,,
temple_mejor,9,4,3-2-1-7-5-4-8-6-0,1-2-3-4-5-6-7-8-0,10,0,1691,True,False,874.0,22,,,
temple_mejor,10,4,3-5-4-6-2-7-8-0-1,1-2-3-4-5-6-7-8-0,17,0,5362,True,False,2827.0,27,,,
temple_mejor,11,4,3-6-2-5-0-4-1-7-8,1-2-3-4-5-6-7-8-0,12,0,1701,True,False,894.0,16,,,
temple_mejor,12,4,4-1-5-2-6-3-0-7-8,1-2-3-4-5-6-7-8-0,10,0,5002,True,False,2582.0,18,,,
temple_mejor,13,4,4-1-8-3-5-7-2-6-0,1-2-3-4-5-6-7-8-0,16,0,653,True,False,372.0,24,,,
temple_mejor,14,4,4-3-2-1-0-6-7-5-8,1-2-3-4-5-6-7-8-0,6,0,1952,True,False,988.0,18,,,
temple_mejor,15,4,4-3-7-6-2-5-0-1-8,1-2-3-4-5-6-7-8-0,14,0,3103,True,False,1604.0,26,,,
temple_mejor,16,4,4-5-0-1-2-7-8-3-6,1-2-3-4-5-6-7-8-0,12,0,1490,True,False,808.0,22,,,
temple_mejor,17,4,5-1-2-6-4-7-3-0-8,1-2-3-4-5-6-7-8-0,15,0,824,True,False,443.0,23,,,
temple_mejor,18,4,5-1-7-8-6-3-2-4-0,1-2-3-4-5-6-7-8-0,16,0,2595,True,False,1380.0,24,,,
temple_mejor,19,4,6-0-1-8-4-7-3-2-5,1-2-3-4-5-6-7-8-0,19,0,1600,True,False,819.0,27,,,
temple_mejor,20,4,6-3-7-5-1-4-8-2-0,1-2-3-4-5-6-7-8-0,16,0,1619,True,False,876.0,24,,,
temple_mejor,21,4,6-8-2-3-1-5-4-0-7,1-2-3-4-5-6-7-8-0,15,0,1954,True,False,1047.0,21,,,
temple_mejor,22,4,7-0-8-6-3-2-1-4-5,1-2-3-4-5-6-7-8-0,17,0,2846,True,False,1569.0,23,,,
temple_mejor,23,4,7-1-8-2-0-3-5-4-6,1-2-3-4-5-6-7-8-0,14,0,1973,True,False,1036.0,22,,,
temple_mejor,24,4,7-3-2-1-0-6-8-5-4,1-2-3-4-5-6-7-8-0,10,0,1981,True,False,1060.0,22,,,
temple_mejor,25,4,7-8-3-4-1-2-0-5-6,1-2-3-4-5-6-7-8-0,10,0,784,True,False,440.0,22,,,
temple_mejor,26,4,8-1-2-3-6-0-7-5-4,1-2-3-4-5-6-7-8-0,13,0,486,True,False,277.0,23,,,
temple_mejor,27,4,8-1-7-3-0-2-6-5-4,1-2-3-4-5-6-7-8-0,20,0,1887,True,False,1006.0,22,,,
temple_mejor,28,4,8-4-1-3-5-7-0-2-6,1-2-3-4-5-6-7-8-0,16,0,4696,True,False,2476.0,26,,,
temple_mejor,29,4,8-6-4-5-0-3-7-1-2,1-2-3-4-5-6-7-8-0,16,0,5127,True,False,2650.0,26,,,
temple_mejor,0,5,0-1-6-3-4-7-8-2-5,1-2-3-4-5-6-7-8-0,14,0,4530,True,False,2416.0,22,,,
temple_mejor,1,5,0-6-7-8-4-3-1-2-5,1-2-3-4-5-6-7-8-0,16,0,3950,True,False,2032.0,28,,,
temple_mejor,2,5,1-0-3-2-7-4-8-5-6,1-2-3-4-5-6-7-8-0,9,0,1157,True,False,615.0,21,,,
temple_mejor,3,5,1-6-8-3-5-0-4-7-2,4-2-6-1-5-3-7-8-0,13,4,9823,False,True,,17,,,
temple_mejor,4,5,1-7-4-8-2-3-0-6-5,1-2-3-4-5-6-7-8-0,14,0,4134,True,False,2206.0,20,,,
temple_mejor,5,5,2-3-1-7-4-5-8-6-0,1-2-3-4-5-6-7-8-0,10,0,4580,True,False,2390.0,16,,,
temple_mejor,6,5,2-7-1-6-4-8-0-3-5,1-2-3-4-5-6-7-8-0,16,0,2156,True,False,1164.0,26,,,
temple_mejor,7,5,2-8-4-6-1-3-0-5-7,1-2-3-4-5-6-7-8-0,14,0,672,True,False,370.0,22,,,
temple_mejor,8,5,2-8-7-6-3-1-5-0-4,1-5-3-4-2-6-8-7-0,19,4,9823,False,True,,25,,,
temple_mejor,9,5,3-2-1-7-5-4-8-6-0,1-2-3-4-5-6-7-8-0,10,0,7522,True,False,3910.0,22,,,
temple_mejor,10,5,3-5-4-6-2-7-8-0-1,1-2-3-4-5-6-7-8-0,17,0,7347,True,False,3697.0,27,,,
temple_mejor,11,5,3-6-2-5-0-4-1-7-8,1-2-3-4-5-6-7-8-0,12,0,2722,True,False,1520.0,16,,,
temple_mejor,12,5,4-1-5-2-6-3-0-7-8,1-2-3-4-5-6-7-8-0,10,0,4047,True,False,2118.0,18,,,
temple_mejor,13,5,4-1-8-3-5-7-2-6-0,1-2-3-4-5-6-7-8-0,16,0,4435,True,False,2312.0,24,,,
temple_mejor,14,5,4-3-2-1-0-6-7-5-8,1-2-3-4-5-6-7-8-0,6,0,2423,True,False,1276.0,18,,,
temple_mejor,15,5,4-3-7-6-2-5-0-1-8,1-2-3-4-5-6-7-8-0,14,0,3130,True,False,1650.0,26,,,
temple_mejor,16,5,4-5-0-1-2-7-8-3-6,1-2-3-4-5-6-7-8-0,12,0,1003,True,False,574.0,22,,,
temple_mejor,17,5,5-1-2-6-4-7-3-0-8,1-2-3-4-5-6-7-8-0,15,0,739,True,False,379.0,23,,,
temple_mejor,18,5,5-1-7-8-6-3-2-4-0,1-2-3-4-5-6-7-8-0,16,0,8151,True,False,4162.0,24,,,
temple_mejor,19,5,6-0-1-8-4-7-3-2-5,1-2-3-4-5-6-7-8-0,19,0,4826,True,False,2467.0,27,,,
temple_mejor,20,5,6-3-7-5-1-4-8-2-0,1-2-3-4-5-6-7-8-0,16,0,2054,True,False,1104.0,24,,,
temple_mejor,21,5,6-8-2-3-1-5-4-0-7,1-2-3-4-5-6-7-8-0,15,0,2481,True,False,1279.0,21,,,
temple_mejor,22,5,7-0-8-6-3-2-1-4-5,1-2-3-4-5-6-7-8-0,17,0,3710,True,False,1961.0,23,,,
temple_mejor,23,5,7-1-8-2-0-3-5-4-6,1-2-3-4-5-6-7-8-0,14,0,917,True,False,500.0,22,,,
temple_mejor,24,5,7-3-2-1-0-6-8-5-4,1-2-3-4-5-6-7-8-0,10,0,1008,True,False,542.0,22,,,
temple_mejor,25,5,7-8-3-4-1-2-0-5-6,1-2-3-4-5-6-7-8-0,10,0,748,True,False,412.0,22,,,
temple_mejor,26,5,8-1-2-3-6-0-7-5-4,1-2-3-4-5-6-7-8-0,13,0,1910,True,False,989.0,23,,,
temple_mejor,27,5,8-1-7-3-0-2-6-5-4,1-2-3-4-5-6-7-8-0,20,0,1017,True,False,550.0,22,,,
temple_mejor,28,5,8-4-1-3-5-7-0-2-6,1-2-3-4-5-6-7-8-0,16,0,690,True,False,392.0,26,,,
temple_mejor,29,5,8-6-4-5-0-3-7-1-2,1-2-3-4-5-6-7-8-0,16,0,7877,True,False,3974.0,26,,,
temple_mejor,0,6,0-1-6-3-4-7-8-2-5,1-2-3-4-5-6-7-8-0,14,0,430,True,False,256.0,22,,,
temple_mejor,1,6,0-6-7-8-4-3-1-2-5,1-2-3-4-5-6-7-8-0,16,0,826,True,False,450.0,28,,,
temple_mejor,2,6,1-0-3-2-7-4-8-5-6,1-2-3-4-5-6-7-8-0,9,0,5466,True,False,2847.0,21,,,
temple_mejor,3,6,1-6-8-3-5-0-4-7-2,1-2-3-4-5-6-7-8-0,13,0,286,True,False,145.0,17,,,
temple_mejor,4,6,1-7-4-8-2-3-0-6-5,1-2-3-4-5-6-7-8-0,14,0,2960,True,False,1604.0,20,,,
temple_mejor,5,6,2-3-1-7-4-5-8-6-0,1-2-3-4-5-6-7-8-0,10,0,3712,True,False,1920.0,16,,,
temple_mejor,6,6,2-7-1-6-4-8-0-3-5,1-2-3-4-5-6-7-8-0,16,0,1761,True,False,960.0,26,,,
temple_mejor,7,6,2-8-4-6-1-3-0-5-7,1-2-3-4-5-6-7-8-0,14,0,4887,True,False,2554.0,22,,,
temple_mejor,8,6,2-8-7-6-3-1-5-0-4,1-2-3-4-5-6-7-8-0,19,0,393,True,False,229.0,25,,,
temple_mejor,9,6,3-2-1-7-5-4-8-6-0,2-3-1-4-5-6-7-8-0,10,4,9823,False,True,,22,,,
temple_mejor,10,6,3-5-4-6-2-7-8-0-1,1-2-3-4-5-6-7-8-0,17,0,683,True,False,365.0,27,,,
temple_mejor,11,6,3-6-2-5-0-4-1-7-8,1-2-3-4-5-6-7-8-0,12,0,583,True,False,298.0,16,,,
temple_mejor,12,6,4-1-5-2-6-3-0-7-8,1-2-3-4-5-6-7-8-0,10,0,6015,True,False,3056.0,18,,,
temple_mejor,13,6,4-1-8-3-5-7-2-6-0,1-2-3-4-5-6-7-8-0,16,0,7658,True,False,3890.0,24,,,
temple_mejor,14,6,4-3-2-1-0-6-7-5-8,1-2-3-4-5-6-7-8-0,6,0,4719,True,False,2446.0,18,,,
temple_mejor,15,6,4-3-7-6-2-5-0-1-8,1-2-3-4-5-6-7-8-0,14,0,791,True,False,432.0,26,,,
temple_mejor,16,6,4-5-0-1-2-7-8-3-6,1-2-3-4-5-6-7-8-0,12,0,1196,True,False,640.0,22,,,
temple_mejor,17,6,5-1-2-6-4-7-3-0-8,1-2-3-4-5-6-7-8-0,15,0,1481,True,False,811.0,23,,,
temple_mejor,18,6,5-1-7-8-6-3-2-4-0,1-2-3-4-5-6-7-8-0,16,0,2715,True,False,1454.0,24,,,
temple_mejor,19,6,6-0-1-8-4-7-3-2-5,1-2-3-4-5-6-7-8-0,19,0,2672,True,False,1417.0,27,,,
temple_mejor,20,6,6-3-7-5-1-4-8-2-0,1-2-3-4-5-6-7-8-0,16,0,1740,True,False,886.0,24,,,
temple_mejor,21,6,6-8-2-3-1-5-4-0-7,1-2-3-4-5-6-7-8-0,15,0,2428,True,False,1293.0,21,,,
temple_mejor,22,6,7-0-8-6-3-2-1-4-5,1-2-3-4-5-6-7-8-0,17,0,4787,True,False,2427.0,23,,,
temple_mejor,23,6,7-1-8-2-0-3-5-4-6,1-2-3-4-5-6-7-8-0,14,0,1907,True,False,998.0,22,,,
temple_mejor,24,6,7-3-2-1-0-6-8-5-4,1-2-3-4-5-6-7-8-0,10,0,2121,True,False,1130.0,22,,,
temple_mejor,25,6,7-8-3-4-1-2-0-5-6,1-2-3-4-5-6-7-8-0,10,0,3313,True,False,1756.0,22,,,
temple_mejor,26,6,8-1-2-3-6-0-7-5-4,1-2-3-4-5-6-7-8-0,13,0,1109,True,False,585.0,23,,,
temple_mejor,27,6,8-1-7-3-0-2-6-5-4,1-2-3-4-5-6-7-8-0,20,0,1920,True,False,1014.0,22,,,
temple_mejor,28,6,8-4-1-3-5-7-0-2-6,1-2-3-4-5-6-7-8-0,16,0,323,True,False,162.0,26,,,
temple_mejor,29,6,8-6-4-5-0-3-7-1-2,1-2-3-4-5-6-7-8-0,16,0,4277,True,False,2184.0,26,,,
temple_mejor,0,7,0-1-6-3-4-7-8-2-5,1-2-3-4-5-6-7-8-0,14,0,2925,True,False,1512.0,22,,,
temple_mejor,1,7,0-6-7-8-4-3-1-2-5,1-2-3-4-5-6-7-8-0,16,0,3837,True,False,1974.0,28,,,
temple_mejor,2,7,1-0-3-2-7-4-8-5-6,1-2-3-4-5-6-7-8-0,9,0,409,True,False,231.0,21,,,
temple_mejor,3,7,1-6-8-3-5-0-4-7-2,1-2-3-4-5-6-7-8-0,13,0,5282,True,False,2755.0,17,,,
temple_mejor,4,7,1-7-4-8-2-3-0-6-5,1-2-3-4-5-6-7-8-0,14,0,3581,True,False,1902.0,20,,,
temple_mejor,5,7,2-3-1-7-4-5-8-6-0,1-2-3-4-5-6-7-8-0,10,0,2308,True,False,1234.0,16,,,
temple_mejor,6,7,2-7-1-6-4-8-0-3-5,1-2-3-4-5-6-7-8-0,16,0,2822,True,False,1462.0,26,,,
temple_mejor,7,7,2-8-4-6-1-3-0-5-7,1-2-3-4-5-6-7-8-0,14,0,1033,True,False,540.0,22,,,
temple_mejor,8,7,2-8-7-6-3-1-5-0-4,1-2-3-4-5-6-7-8-0,19,0,4811,True,False,2437.0,25,,,
temple_mejor,9,7,3-2-1-7-5-4-8-6-0,1-2-3-4-5-6-7-8-0,10,0,5127,True,False,2658.0,22,,,
temple_mejor,10,7,3-5-4-6-2-7-8-0-1,1-2-3-4-5-6-7-8-0,17,0,1193,True,False,629.0,27,,,
temple_mejor,11,7,3-6-2-5-0-4-1-7-8,1-0-3-4-5-6-7-8-2,12,3,9823,False,True,,16,,,
temple_mejor,12,7,4-1-5-2-6-3-0-7-8,1-2-3-4-5-6-7-8-0,10,0,3603,True,False,1938.0,18,,,
temple_mejor,13,7,4-1-8-3-5-7-2-6-0,1-2-3-4-5-6-7-8-0,16,0,3124,True,False,1614.0,24,,,
temple_mejor,14,7,4-3-2-1-0-6-7-5-8,1-2-3-4-5-6-7-8-0,6,0,5195,True,False,2686.0,18,,,
temple_mejor,15,7,4-3-7-6-2-5-0-1-8,1-2-3-4-5-6-7-8-0,14,0,3291,True,False,1746.0,26,,,
temple_mejor,16,7,4-5-0-1-2-7-8-3-6,1-2-3-4-5-6-7-8-0,12,0,482,True,False,258.0,22,,,
temple_mejor,17,7,5-1-2-6-4-7-3-0-8,1-2-3-4-5-6-7-8-0,15,0,6289,True,False,3227.0,23,,,
temple_mejor,18,7,5-1-7-8-6-3-2-4-0,1-2-3-4-5-6-7-8-0,16,0,735,True,False,394.0,24,,,
temple_mejor,19,7,6-0-1-8-4-7-3-2-5,1-2-3-4-5-6-7-8-0,19,0,2134,True,False,1139.0,27,,,
temple_mejor,20,7,6-3-7-5-1-4-8-2-0,1-2-3-4-5-6-7-8-0,16,0,4927,True,False,2596.0,24,,,
temple_mejor,21,7,6-8-2-3-1-5-4-0-7,1-2-3-4-5-6-7-8-0,15,0,1046,True,False,581.0,21,,,
temple_mejor,22,7,7-0-8-6-3-2-1-4-5,1-2-3-4-5-6-7-8-0,17,0,386,True,False,219.0,23,,,
temple_mejor,23,7,7-1-8-2-0-3-5-4-6,1-2-3-4-5-6-7-8-0,14,0,479,True,False,260.0,22,,,
temple_mejor,24,7,7-3-2-1-0-6-8-5-4,1-2-3-4-5-6-7-8-0,10,0,4644,True,False,2386.0,22,,,
temple_mejor,25,7,7-8-3-4-1-2-0-5-6,1-2-3-4-5-6-7-8-0,10,0,3797,True,False,2080.0,22,,,
temple_mejor,26,7,8-1-2-3-6-0-7-5-4,1-2-3-4-5-6-7-8-0,13,0,1603,True,False,847.0,23,,,
temple_mejor,27,7,8-1-7-3-0-2-6-5-4,1-2-3-4-5-6-7-8-0,20,0,1876,True,False,984.0,22,,,
temple_mejor,28,7,8-4-1-3-5-7-0-2-6,1-2-3-4-5-6-7-8-0,16,0,713,True,False,384.0,26,,,
temple_mejor,29,7,8-6-4-5-0-3-7-1-2,1-2-3-4-5-6-7-8-0,16,0,3653,True,False,1956.0,26,,,
temple_mejor,0,8,0-1-6-3-4-7-8-2-5,1-2-3-4-5-6-7-8-0,14,0,1511,True,False,794.0,22,,,
temple_mejor,1,8,0-6-7-8-4-3-1-2-5,1-2-3-4-5-6-7-8-0,16,0,2893,True,False,1532.0,28,,,
temple_mejor,2,8,1-0-3-2-7-4-8-5-6,1-2-3-4-5-6-7-8-0,9,0,1404,True,False,769.0,21,,,
temple_mejor,3,8,1-6-8-3-5-0-4-7-2,1-2-3-4-5-6-7-8-0,13,0,2968,True,False,1541.0,17,,,
temple_mejor,4,8,1-7-4-8-2-3-0-6-5,1-2-3-4-5-6-7-8-0,14,0,5954,True,False,3112.0,20,,,
temple_mejor,5,8,2-3-1-7-4-5-8-6-0,1-2-3-4-5-6-7-8-0,10,0,290,True,False,170.0,16,,,
temple_mejor,6,8,2-7-1-6-4-8-0-3-5,1-2-3-4-5-6-7-8-0,16,0,3033,True,False,1594.0,26,,,
temple_mejor,7,8,2-8-4-6-1-3-0-5-7,1-2-3-4-5-6-7-8-0,14,0,768,True,False,418.0,22,,,
temple_mejor,8,8,2-8-7-6-3-1-5-0-4,1-2-3-4-5-6-7-8-0,19,0,837,True,False,427.0,25,,,
temple_mejor,9,8,3-2-1-7-5-4-8-6-0,1-2-3-4-5-6-7-8-0,10,0,764,True,False,406.0,22,,,
temple_mejor,10,8,3-5-4-6-2-7-8-0-1,1-2-3-4-5-6-7-8-0,17,0,3396,True,False,1763.0,27,,,
temple_mejor,11,8,3-6-2-5-0-4-1-7-8,1-2-3-4-5-6-7-8-0,12,0,1249,True,False,672.0,16,,,
temple_mejor,12,8,4-1-5-2-6-3-0-7-8,1-2-3-4-5-6-7-8-0,10,0,277,True,False,134.0,18,,,
temple_mejor,13,8,4-1-8-3-5-7-2-6-0,1-2-3-7-8-6-4-5-0,16,4,9823,False,True,,24,,,
temple_mejor,14,8,4-3-2-1-0-6-7-5-8,1-2-3-4-5-6-7-8-0,6,0,3417,True,False,1784.0,18,,,
temple_mejor,15,8,4-3-7-6-2-5-0-1-8,1-2-3-4-5-6-7-8-0,14,0,2921,True,False,1588.0,26,,,
temple_mejor,16,8,4-5-0-1-2-7-8-3-6,1-2-3-4-5-6-7-8-0,12,0,8832,True,False,4436.0,22,,,
temple_mejor,17,8,5-1-2-6-4-7-3-0-8,1-2-3-4-5-6-7-8-0,15,0,3447,True,False,1769.0,23,,,
temple_mejor,18,8,5-1-7-8-6-3-2-4-0,1-2-3-4-5-6-7-8-0,16,0,4888,True,False,2504.0,24,,,
temple_mejor,19,8,6-0-1-8-4-7-3-2-5,1-2-3-4-5-6-7-8-0,19,0,1366,True,False,759.0,27,,,
temple_mejor,20,8,6-3-7-5-1-4-8-2-0,1-2-3-4-5-6-7-8-0,16,0,1096,True,False,602.0,24,,,
temple_mejor,21,8,6-8-2-3-1-5-4-0-7,1-2-3-4-5-6-7-8-0,15,0,1468,True,False,831.0,21,,,
temple_mejor,22,8,7-0-8-6-3-2-1-4-5,1-2-3-4-5-6-7-8-0,17,0,2353,True,False,1227.0,23,,,
temple_mejor,23,8,7-1-8-2-0-3-5-4-6,1-2-3-4-5-6-7-8-0,14,0,5392,True,False,2784.0,22,,,
temple_mejor,24,8,7-3-2-1-0-6-8-5-4,1-2-3-4-5-6-7-8-0,10,0,1106,True,False,608.0,22,,,
temple_mejor,25,8,7-8-3-4-1-2-0-5-6,1-2-3-4-5-6-7-8-0,10,0,851,True,False,450.0,22,,,
temple_mejor,26,8,8-1-2-3-6-0-7-5-4,1-2-3-4-5-6-7-8-0,13,0,2866,True,False,1503.0,23,,,
temple_mejor,27,8,8-1-7-3-0-2-6-5-4,1-2-3-4-5-6-7-8-0,20,0,1116,True,False,600.0,22,,,
temple_mejor,28,8,8-4-1-3-5-7-0-2-6,1-2-3-4-5-6-7-8-0,16,0,5750,True,False,2984.0,26,,,
temple_mejor,29,8,8-6-4-5-0-3-7-1-2,1-2-3-4-5-6-7-8-0,16,0,1553,True,False,808.0,26,,,
temple_mejor,0,9,0-1-6-3-4-7-8-2-5,1-2-3-4-5-6-7-8-0,14,0,9242,True,False,4756.0,22,,,
temple_mejor,1,9,0-6-7-8-4-3-1-2-5,1-2-3-4-5-6-7-8-0,16,0,2529,True,False,1350.0,28,,,
temple_mejor,2,9,1-0-3-2-7-4-8-5-6,1-2-3-4-5-6-7-8-0,9,0,354,True,False,197.0,21,,,
temple_mejor,3,9,1-6-8-3-5-0-4-7-2,1-2-3-4-5-6-7-8-0,13,0,2319,True,False,1205.0,17,,,
temple_mejor,4,9,1-7-4-8-2-3-0-6-5,1-2-3-4-5-6-7-8-0,14,0,2237,True,False,1162.0,20,,,
temple_mejor,5,9,2-3-1-7-4-5-8-6-0,1-2-3-4-5-6-7-8-0,10,0,983,True,False,524.0,16,,,
temple_mejor,6,9,2-7-1-6-4-8-0-3-5,1-2-3-4-5-6-7-8-0,16,0,1884,True,False,1002.0,26,,,
temple_mejor,7,9,2-8-4-6-1-3-0-5-7,1-2-3-4-5-6-7-8-0,14,0,1572,True,False,850.0,22,,,
temple_mejor,8,9,2-8-7-6-3-1-5-0-4,1-2-3-4-5-6-7-8-0,19,0,1019,True,False,543.0,25,,,
temple_mejor,9,9,3-2-1-7-5-4-8-6-0,1-2-3-4-5-6-7-8-0,10,0,8791,True,False,4472.0,22,,,
temple_mejor,10,9,3-5-4-6-2-7-8-0-1,1-2-3-4-5-6-7-8-0,17,0,651,True,False,369.0,27,,,
temple_mejor,11,9,3-6-2-5-0-4-1-7-8,1-2-3-4-5-6-7-8-0,12,0,2773,True,False,1500.0,16,,,
temple_mejor,12,9,4-1-5-2-6-3-0-7-8,1-2-3-4-5-6-7-8-0,10,0,2172,True,False,1138.0,18,,,
temple_mejor,13,9,4-1-8-3-5-7-2-6-0,1-2-3-4-5-6-7-8-0,16,0,3044,True,False,1620.0,24,,,
temple_mejor,14,9,4-3-2-1-0-6-7-5-8,1-2-3-4-5-6-7-8-0,6,0,8799,True,False,4356.0,18,,,
temple_mejor,15,9,4-3-7-6-2-5-0-1-8,1-2-3-4-5-6-7-8-0,14,0,1783,True,False,996.0,26,,,
temple_mejor,16,9,4-5-0-1-2-7-8-3-6,1-2-3-4-5-6-7-8-0,12,0,2101,True,False,1098.0,22,,,
temple_mejor,17,9,5-1-2-6-4-7-3-0-8,1-2-3-4-5-6-7-8-0,15,0,984,True,False,519.0,23,,,
temple_mejor,18,9,5-1-7-8-6-3-2-4-0,1-2-3-4-5-6-7-8-0,16,0,1548,True,False,838.0,24,,,
temple_mejor,19,9,6-0-1-8-4-7-3-2-5,1-2-3-4-5-6-7-8-0,19,0,648,True,False,347.0,27,,,
temple_mejor,20,9,6-3-7-5-1-4-8-2-0,1-2-3-4-5-6-7-8-0,16,0,856,True,False,460.0,24,,,
temple_mejor,21,9,6-8-2-3-1-5-4-0-7,1-2-3-4-5-6-7-8-0,15,0,4317,True,False,2249.0,21,,,
temple_mejor,22,9,7-0-8-6-3-2-1-4-5,1-2-3-4-5-6-7-8-0,17,0,1403,True,False,765.0,23,,,
temple_mejor,23,9,7-1-8-2-0-3-5-4-6,1-2-3-4-5-6-7-8-0,14,0,1468,True,False,782.0,22,,,
temple_mejor,24,9,7-3-2-1-0-6-8-5-4,1-2-3-4-5-6-7-8-0,10,0,2772,True,False,1432.0,22,,,
temple_mejor,25,9,7-8-3-4-1-2-0-5-6,1-2-3-4-5-6-7-8-0,10,0,1525,True,False,836.0,22,,,
temple_mejor,26,9,8-1-2-3-6-0-7-5-4,1-2-3-4-5-6-7-8-0,13,0,1961,True,False,1035.0,23,,,
temple_mejor,27,9,8-1-7-3-0-2-6-5-4,1-2-3-4-5-6-7-8-0,20,0,843,True,False,466.0,22,,,
temple_mejor,28,9,8-4-1-3-5-7-0-2-6,1-2-3-4-5-6-7-8-0,16,0,4901,True,False,2506.0,26,,,
temple_mejor,29,9,8-6-4-5-0-3-7-1-2,1-2-3-4-5-6-7-8-0,16,0,4302,True,False,2222.0,26,,,
